CodigoTerritorial,CodigoMesa,Mesa,NroVotantes
10102,1010200001001,1,877
10102,1010200001002,2,949
10102,1010200001003,3,987
10102,1010200001004,4,119
10102,1010200001005,5,924
10102,1010200001006,6,54
10102,1010200001007,7,972
10102,1010200001008,8,186
10102,1010200001009,9,828
10103,1010300010001,1,911
10103,1010300011001,1,678
10103,1010300011002,2,930
10103,1010300011003,3,279
10103,1010300011004,4,429
10103,1010300011005,5,187
10103,1010300011006,6,212
10103,1010300011007,7,727
10103,1010300011008,8,588
10103,1010300011009,9,237
10103,1010300011010,10,23
10103,1010300011011,11,693
10103,1010300011012,12,952
10103,1010300011013,13,404
10103,1010300011014,14,10
10103,1010300011015,15,202
10103,1010300011016,16,413
10103,1010300027001,1,144
10103,1010300027002,2,162
10103,1010300027003,3,805
10103,1010300027004,4,940
10103,1010300027005,5,60
10103,1010300027006,6,588
10103,1010300027007,7,569
10103,1010300027008,8,460
10103,1010300027009,9,806
10103,1010300027010,10,479
10103,1010300027011,11,409
10103,1010300027012,12,252
10103,1010300027013,13,593
10103,1010300027014,14,776
10201,1020100041001,1,762
10201,1020100041002,2,987
10201,1020100041003,3,677
10201,1020100041004,4,34
10201,1020100045001,1,423
10201,1020100045002,2,7
10201,1020100045003,3,121
10201,1020100045004,4,262
10201,1020100045005,5,356
10201,1020100045006,6,190
10201,1020100045007,7,684
10201,1020100045008,8,722
10201,1020100045009,9,382
10201,1020100045010,10,933
10201,1020100045011,11,70
10201,1020100045012,12,368
10201,1020100045013,13,338
10201,1020100045014,14,760
10201,1020100045015,15,62
10201,1020100045016,16,214
10201,1020100045017,17,79
10201,1020100062001,1,92
10201,1020100062002,2,893
10201,1020100062003,3,539
10201,1020100062004,4,131
10201,1020100062005,5,528
10301,1030100067001,1,587
10301,1030100067002,2,927
10301,1030100067003,3,144
10301,1030100067004,4,778
10301,1030100067005,5,880
10301,1030100067006,6,341
10301,1030100067007,7,606
10301,1030100067008,8,601
10301,1030100067009,9,405
10301,1030100067010,10,176
10301,1030100067011,11,959
10301,1030100067012,12,440
10301,1030100067013,13,621
10301,1030100067014,14,583
10302,1030200081001,1,781
10302,1030200081002,2,757
10302,1030200081003,3,347
10302,1030200081004,4,459
10302,1030200081005,5,468
10302,1030200081006,6,80
10302,1030200087001,1,45
10302,1030200087002,2,236
10302,1030200087003,3,788
10302,1030200087004,4,501
10302,1030200087005,5,257
10302,1030200087006,6,734
10302,1030200087007,7,276
10302,1030200087008,8,235
10302,1030200087009,9,752
10302,1030200087010,10,37
10303,1030300097001,1,10
10303,1030300097002,2,702
10303,1030300097003,3,582
10303,1030300097004,4,745
10303,1030300097005,5,706
10303,1030300097006,6,553
10303,1030300097007,7,248
10303,1030300097008,8,421
10303,1030300097009,9,153
10303,1030300097010,10,674
10303,1030300097011,11,233
10303,1030300097012,12,257
10303,1030300097013,13,223
10303,1030300097014,14,721
10303,1030300097015,15,457
10303,1030300097016,16,859
10303,1030300097017,17,331
10303,1030300097018,18,366
10304,1030400115001,1,718
10304,1030400115002,2,266
10304,1030400115003,3,323
10304,1030400115004,4,893
10304,1030400115005,5,699
10304,1030400115006,6,992
10304,1030400121001,1,364
10304,1030400121002,2,745
10304,1030400121003,3,912
10304,1030400121004,4,847
10401,1040100125001,1,542
10401,1040100125002,2,97
10401,1040100125003,3,13
10401,1040100125004,4,645
10401,1040100125005,5,126
10401,1040100125006,6,733
10401,1040100125007,7,48
10401,1040100132001,1,717
10401,1040100132002,2,195
10401,1040100132003,3,714
10401,1040100132004,4,482
10401,1040100132005,5,705
10401,1040100132006,6,722
10401,1040100132007,7,945
10401,1040100132008,8,532
10401,1040100132009,9,774
10401,1040100132010,10,141
10401,1040100132011,11,520
10401,1040100143001,1,621
10401,1040100143002,2,92
10401,1040100143003,3,257
10401,1040100143004,4,126
10401,1040100143005,5,158
10401,1040100143006,6,173
10401,1040100143007,7,279
10402,1040200150001,1,133
10402,1040200150002,2,215
10402,1040200150003,3,630
10402,1040200150004,4,195
10402,1040200150005,5,917
10402,1040200150006,6,648
10402,1040200150007,7,608
10402,1040200150008,8,845
10402,1040200150009,9,353
10402,1040200150010,10,11
10402,1040200150011,11,377
10402,1040200161001,1,712
10402,1040200161002,2,642
10402,1040200161003,3,444
10402,1040200161004,4,787
10402,1040200161005,5,382
10402,1040200161006,6,110
10402,1040200161007,7,619
10402,1040200161008,8,570
10402,1040200161009,9,119
10402,1040200161010,10,583
10402,1040200161011,11,324
10402,1040200161012,12,923
10402,1040200161013,13,493
10402,1040200161014,14,91
10402,1040200161015,15,261
10402,1040200161016,16,792
10402,1040200161017,17,179
10403,1040300178001,1,39
10403,1040300178002,2,854
10403,1040300178003,3,244
10403,1040300181001,1,62
10403,1040300181002,2,748
10403,1040300181003,3,708
10403,1040300181004,4,273
10403,1040300181005,5,400
10404,1040400186001,1,837
10404,1040400186002,2,989
10404,1040400186003,3,982
10404,1040400189001,1,314
10404,1040400189002,2,573
10404,1040400189003,3,636
10404,1040400189004,4,324
10404,1040400189005,5,6
10404,1040400189006,6,427
10404,1040400189007,7,557
10404,1040400189008,8,858
10404,1040400197001,1,369
10404,1040400197002,2,757
10404,1040400197003,3,522
10404,1040400197004,4,220
10404,1040400197005,5,784
10404,1040400197006,6,876
10404,1040400197007,7,681
10404,1040400197008,8,569
10404,1040400197009,9,510
10405,1040500206001,1,35
10405,1040500206002,2,661
10405,1040500206003,3,287
10405,1040500206004,4,970
10405,1040500206005,5,570
10405,1040500206006,6,138
10405,1040500206007,7,310
10405,1040500206008,8,652
10405,1040500206009,9,466
10405,1040500206010,10,28
10405,1040500206011,11,618
10405,1040500206012,12,31
10601,1060100218001,1,847
10601,1060100218002,2,365
10601,1060100218003,3,721
10601,1060100221001,1,564
10601,1060100221002,2,140
10601,1060100221003,3,253
10601,1060100221004,4,466
10601,1060100221005,5,197
10601,1060100221006,6,873
10601,1060100221007,7,364
10601,1060100221008,8,260
10601,1060100221009,9,69
10601,1060100221010,10,326
10601,1060100231001,1,413
10601,1060100231002,2,805
10601,1060100231003,3,839
10601,1060100231004,4,562
10601,1060100231005,5,103
10601,1060100231006,6,736
10601,1060100231007,7,984
10601,1060100231008,8,435
10601,1060100231009,9,700
10601,1060100231010,10,410
10601,1060100231011,11,313
10602,1060200242001,1,339
10602,1060200242002,2,942
10602,1060200242003,3,752
10602,1060200242004,4,420
10602,1060200242005,5,305
10602,1060200242006,6,636
10602,1060200242007,7,366
10602,1060200242008,8,334
10602,1060200242009,9,289
10602,1060200242010,10,93
10602,1060200242011,11,751
10602,1060200242012,12,327
10602,1060200242013,13,635
10602,1060200242014,14,754
10602,1060200242015,15,635
10602,1060200242016,16,218
10602,1060200242017,17,71
10602,1060200242018,18,481
10602,1060200242019,19,427
10602,1060200261001,1,759
10602,1060200261002,2,918
10602,1060200261003,3,184
10602,1060200261004,4,764
10602,1060200261005,5,641
10602,1060200261006,6,890
10602,1060200261007,7,487
10602,1060200261008,8,596
10602,1060200261009,9,758
10701,1070100270001,1,648
10701,1070100270002,2,909
10702,1070200272001,1,413
10702,1070200272002,2,623
10702,1070200274001,1,668
10702,1070200274002,2,435
10702,1070200274003,3,258
10702,1070200274004,4,527
10702,1070200274005,5,258
10702,1070200274006,6,242
10702,1070200274007,7,143
10702,1070200274008,8,170
10702,1070200274009,9,868
10702,1070200274010,10,539
10702,1070200274011,11,878
10702,1070200285001,1,199
10702,1070200285002,2,945
10702,1070200285003,3,770
10702,1070200285004,4,430
10702,1070200285005,5,478
10702,1070200285006,6,192
10702,1070200285007,7,7
10702,1070200285008,8,472
10702,1070200285009,9,976
10702,1070200285010,10,237
10703,1070300295001,1,186
10703,1070300295002,2,942
10703,1070300295003,3,831
10703,1070300295004,4,686
10703,1070300295005,5,105
10703,1070300300001,1,292
10703,1070300300002,2,438
10703,1070300300003,3,679
10703,1070300300004,4,674
10703,1070300300005,5,693
10703,1070300300006,6,454
10703,1070300300007,7,982
10703,1070300300008,8,64
10703,1070300300009,9,129
10703,1070300300010,10,898
10703,1070300300011,11,289
10703,1070300300012,12,720
10703,1070300300013,13,591
10703,1070300300014,14,27
10703,1070300300015,15,845
10703,1070300300016,16,497
10703,1070300300017,17,400
10703,1070300300018,18,646
10703,1070300318001,1,71
10703,1070300318002,2,993
10703,1070300318003,3,17
10703,1070300318004,4,193
10703,1070300318005,5,985
10703,1070300318006,6,531
10703,1070300318007,7,113
10703,1070300318008,8,673
10704,1070400326001,1,640
10704,1070400326002,2,370
10704,1070400326003,3,978
10704,1070400326004,4,26
10704,1070400326005,5,860
10704,1070400326006,6,626
10704,1070400326007,7,194
10704,1070400326008,8,393
10704,1070400326009,9,244
10704,1070400326010,10,411
10704,1070400326011,11,300
10704,1070400326012,12,918
10704,1070400326013,13,666
10704,1070400326014,14,739
10704,1070400326015,15,960
10704,1070400326016,16,847
10704,1070400342001,1,654
10704,1070400342002,2,612
10704,1070400342003,3,4
10704,1070400342004,4,972
10704,1070400342005,5,721
10704,1070400342006,6,922
10704,1070400342007,7,416
10901,1090100349001,1,461
10901,1090100349002,2,758
10901,1090100349003,3,522
10901,1090100349004,4,278
10901,1090100349005,5,304
10901,1090100349006,6,33
10901,1090100349007,7,903
10901,1090100349008,8,353
10901,1090100349009,9,558
10901,1090100349010,10,315
10901,1090100349011,11,573
10901,1090100349012,12,338
10901,1090100349013,13,249
10901,1090100349014,14,458
10901,1090100363001,1,406
10901,1090100363002,2,87
10902,1090200365001,1,702
10902,1090200365002,2,748
10902,1090200365003,3,805
10902,1090200365004,4,492
10902,1090200365005,5,286
10903,1090300370001,1,606
10903,1090300370002,2,223
10903,1090300370003,3,512
10903,1090300370004,4,670
10903,1090300370005,5,223
10903,1090300370006,6,87
10903,1090300370007,7,911
10903,1090300370008,8,53
10903,1090300370009,9,877
10903,1090300370010,10,227
10903,1090300370011,11,565
10903,1090300370012,12,893
10903,1090300370013,13,557
10903,1090300370014,14,605
10903,1090300384001,1,775
10903,1090300384002,2,472
10903,1090300384003,3,121
10903,1090300384004,4,779
10903,1090300384005,5,769
10903,1090300384006,6,598
10903,1090300384007,7,110
10903,1090300384008,8,506
10903,1090300384009,9,528
10903,1090300384010,10,643
10903,1090300384011,11,150
10903,1090300384012,12,374
10903,1090300396001,1,147
10903,1090300396002,2,969
10903,1090300396003,3,554
10903,1090300396004,4,242
10903,1090300396005,5,390
11001,1100100401001,1,664
11001,1100100401002,2,401
11001,1100100401003,3,160
11001,1100100401004,4,763
11001,1100100401005,5,478
11001,1100100401006,6,94
11001,1100100401007,7,227
11001,1100100401008,8,512
11001,1100100401009,9,207
11002,1100200410001,1,903
11002,1100200410002,2,53
11002,1100200410003,3,598
11002,1100200410004,4,168
11002,1100200410005,5,660
11002,1100200410006,6,539
11002,1100200410007,7,23
11002,1100200417001,1,628
11002,1100200417002,2,158
11002,1100200417003,3,741
11002,1100200417004,4,550
11002,1100200417005,5,643
11002,1100200417006,6,359
20102,2010200423001,1,251
20102,2010200423002,2,229
20102,2010200423003,3,20
20102,2010200423004,4,968
20102,2010200423005,5,868
20102,2010200423006,6,758
20102,2010200423007,7,53
20102,2010200423008,8,788
20102,2010200423009,9,123
20102,2010200423010,10,892
20102,2010200423011,11,204
20102,2010200423012,12,640
20102,2010200423013,13,69
20102,2010200423014,14,118
20102,2010200423015,15,223
20102,2010200423016,16,935
20102,2010200423017,17,789
20102,2010200423018,18,336
20102,2010200441001,1,898
20102,2010200441002,2,457
20102,2010200441003,3,734
20104,2010400444001,1,190
20104,2010400444002,2,980
20104,2010400444003,3,341
20104,2010400444004,4,812
20104,2010400444005,5,359
20104,2010400449001,1,673
20104,2010400449002,2,569
20104,2010400449003,3,755
20104,2010400449004,4,135
20104,2010400449005,5,616
20104,2010400449006,6,67
20104,2010400449007,7,803
20104,2010400449008,8,661
20104,2010400449009,9,468
20104,2010400449010,10,94
20104,2010400449011,11,168
20104,2010400449012,12,359
20104,2010400449013,13,191
20104,2010400449014,14,525
20104,2010400449015,15,19
20104,2010400449016,16,556
20104,2010400465001,1,555
20104,2010400465002,2,961
20104,2010400465003,3,323
20104,2010400465004,4,521
20104,2010400465005,5,768
20104,2010400465006,6,650
20104,2010400465007,7,833
20104,2010400465008,8,180
20104,2010400465009,9,843
20104,2010400465010,10,993
20104,2010400465011,11,960
20104,2010400465012,12,535
20104,2010400465013,13,110
20104,2010400465014,14,562
20104,2010400465015,15,916
20104,2010400465016,16,220
20104,2010400465017,17,25
20104,2010400465018,18,20
20104,2010400465019,19,723
20105,2010500484001,1,834
20105,2010500484002,2,460
20105,2010500484003,3,915
20105,2010500484004,4,795
20105,2010500484005,5,142
20105,2010500484006,6,506
20105,2010500484007,7,642
20105,2010500484008,8,315
20105,2010500484009,9,65
20201,2020100493001,1,987
20201,2020100493002,2,913
20201,2020100495001,1,226
20201,2020100495002,2,58
20202,2020200497001,1,633
20202,2020200497002,2,882
20202,2020200497003,3,79
20202,2020200497004,4,335
20202,2020200497005,5,195
20202,2020200497006,6,496
20202,2020200497007,7,137
20202,2020200497008,8,802
20202,2020200505001,1,509
20202,2020200505002,2,908
20202,2020200505003,3,72
20202,2020200505004,4,692
20203,2020300509001,1,210
20203,2020300509002,2,11
20203,2020300509003,3,970
20203,2020300509004,4,377
20203,2020300509005,5,592
20203,2020300509006,6,914
20203,2020300509007,7,776
20203,2020300509008,8,695
20203,2020300509009,9,427
20203,2020300509010,10,920
20203,2020300509011,11,35
20203,2020300509012,12,200
20203,2020300509013,13,182
20203,2020300522001,1,637
20203,2020300522002,2,67
20203,2020300522003,3,609
20203,2020300522004,4,213
20203,2020300522005,5,610
20203,2020300522006,6,202
20203,2020300522007,7,391
20203,2020300522008,8,271
20203,2020300522009,9,487
20203,2020300522010,10,791
20203,2020300522011,11,890
20204,2020400533001,1,429
20204,2020400533002,2,522
20204,2020400533003,3,44
20204,2020400533004,4,223
20204,2020400533005,5,242
20204,2020400533006,6,749
20204,2020400533007,7,442
20204,2020400533008,8,587
20204,2020400533009,9,267
20204,2020400533010,10,149
20204,2020400533011,11,771
20204,2020400533012,12,112
20204,2020400533013,13,410
20204,2020400533014,14,590
20204,2020400533015,15,330
20204,2020400533016,16,386
20204,2020400533017,17,82
20204,2020400533018,18,214
20204,2020400533019,19,221
20204,2020400533020,20,126
20206,2020600553001,1,784
20206,2020600553002,2,289
20206,2020600553003,3,884
20206,2020600556001,1,490
20206,2020600556002,2,121
20206,2020600556003,3,705
20206,2020600556004,4,153
20206,2020600556005,5,222
20206,2020600556006,6,256
20206,2020600556007,7,83
20206,2020600556008,8,725
20206,2020600556009,9,621
20206,2020600556010,10,218
20206,2020600556011,11,631
20206,2020600556012,12,138
20206,2020600556013,13,887
20206,2020600556014,14,112
20206,2020600570001,1,711
20206,2020600570002,2,597
20206,2020600570003,3,524
20206,2020600570004,4,878
20206,2020600570005,5,169
20206,2020600570006,6,728
20206,2020600570007,7,911
20206,2020600570008,8,9
20206,2020600570009,9,660
20206,2020600570010,10,245
20206,2020600570011,11,96
20206,2020600570012,12,260
20206,2020600570013,13,510
20206,2020600570014,14,415
20206,2020600570015,15,600
20206,2020600570016,16,549
20206,2020600570017,17,151
20206,2020600570018,18,655
20206,2020600570019,19,850
20206,2020600570020,20,780
20301,2030100590001,1,564
20301,2030100591001,1,180
20301,2030100591002,2,301
20301,2030100591003,3,877
20301,2030100591004,4,767
20301,2030100591005,5,330
20301,2030100591006,6,378
20301,2030100591007,7,363
20301,2030100591008,8,88
20301,2030100591009,9,159
20301,2030100591010,10,541
20301,2030100591011,11,124
20301,2030100591012,12,178
20301,2030100591013,13,566
20301,2030100591014,14,823
20301,2030100591015,15,212
20301,2030100591016,16,189
20301,2030100591017,17,460
20301,2030100591018,18,190
20302,2030200609001,1,497
20302,2030200609002,2,853
20302,2030200609003,3,730
20302,2030200609004,4,240
20302,2030200609005,5,501
20302,2030200609006,6,269
20302,2030200615001,1,878
20302,2030200615002,2,12
20302,2030200615003,3,59
20302,2030200615004,4,771
20302,2030200615005,5,643
20302,2030200615006,6,729
20302,2030200615007,7,353
20302,2030200622001,1,792
20303,2030300623001,1,398
20303,2030300623002,2,291
20303,2030300623003,3,221
20303,2030300623004,4,288
20303,2030300623005,5,624
20303,2030300623006,6,200
20303,2030300623007,7,842
20303,2030300623008,8,785
20303,2030300623009,9,252
20303,2030300623010,10,433
20303,2030300623011,11,411
20303,2030300623012,12,371
20303,2030300623013,13,783
20303,2030300623014,14,829
20303,2030300623015,15,880
20303,2030300623016,16,950
20303,2030300623017,17,182
20303,2030300623018,18,830
20303,2030300623019,19,820
20303,2030300642001,1,99
20303,2030300642002,2,515
20303,2030300642003,3,162
20303,2030300642004,4,403
20303,2030300642005,5,277
20303,2030300642006,6,42
20303,2030300642007,7,579
20303,2030300642008,8,979
20303,2030300642009,9,7
20303,2030300642010,10,126
20303,2030300642011,11,69
20303,2030300642012,12,762
20303,2030300642013,13,170
20303,2030300642014,14,502
20303,2030300656001,1,287
20303,2030300656002,2,829
20303,2030300656003,3,247
20303,2030300656004,4,795
20303,2030300656005,5,403
20305,2030500661001,1,417
20305,2030500661002,2,827
20305,2030500661003,3,880
20305,2030500664001,1,403
20305,2030500664002,2,797
20305,2030500664003,3,938
20305,2030500664004,4,867
20305,2030500664005,5,472
20305,2030500664006,6,5
20305,2030500664007,7,313
20305,2030500664008,8,291
20305,2030500664009,9,914
20305,2030500664010,10,321
20305,2030500664011,11,365
20305,2030500664012,12,473
20306,2030600676001,1,525
20306,2030600676002,2,747
20306,2030600676003,3,357
20306,2030600676004,4,275
20306,2030600676005,5,875
20306,2030600676006,6,743
20306,2030600676007,7,584
20306,2030600676008,8,90
20306,2030600676009,9,194
20306,2030600676010,10,504
20306,2030600676011,11,696
20306,2030600676012,12,547
20306,2030600676013,13,202
20306,2030600676014,14,880
20307,2030700690001,1,607
20307,2030700690002,2,352
20307,2030700690003,3,695
20307,2030700690004,4,60
20307,2030700690005,5,566
20307,2030700690006,6,608
20307,2030700690007,7,439
20307,2030700690008,8,471
20307,2030700690009,9,895
20307,2030700699001,1,223
20307,2030700699002,2,940
20307,2030700699003,3,111
20308,2030800702001,1,749
20308,2030800702002,2,280
20308,2030800702003,3,969
20308,2030800702004,4,775
20308,2030800702005,5,980
20308,2030800702006,6,929
20308,2030800702007,7,548
20308,2030800702008,8,330
20308,2030800702009,9,911
20308,2030800702010,10,276
20308,2030800702011,11,314
20308,2030800702012,12,714
20401,2040100714001,1,105
20401,2040100714002,2,421
20401,2040100714003,3,782
20401,2040100714004,4,58
20401,2040100714005,5,783
20401,2040100714006,6,778
20401,2040100714007,7,265
20401,2040100714008,8,341
20401,2040100714009,9,34
20401,2040100714010,10,534
20401,2040100714011,11,65
20401,2040100714012,12,489
20401,2040100726001,1,227
20401,2040100726002,2,526
20401,2040100726003,3,547
20401,2040100726004,4,143
20401,2040100726005,5,267
20401,2040100726006,6,963
20401,2040100726007,7,559
20401,2040100726008,8,815
20401,2040100726009,9,284
20401,2040100726010,10,20
20401,2040100726011,11,804
20401,2040100726012,12,160
20401,2040100726013,13,962
20402,2040200739001,1,475
20402,2040200739002,2,161
20402,2040200739003,3,289
20402,2040200739004,4,863
20402,2040200739005,5,172
20402,2040200739006,6,592
20402,2040200739007,7,421
20402,2040200739008,8,989
20402,2040200739009,9,833
20402,2040200739010,10,511
20403,2040300749001,1,784
20403,2040300749002,2,530
20403,2040300749003,3,193
20403,2040300749004,4,558
20403,2040300749005,5,843
20403,2040300749006,6,992
20403,2040300749007,7,606
20403,2040300749008,8,844
20403,2040300749009,9,888
20403,2040300749010,10,6
20403,2040300749011,11,913
20403,2040300749012,12,887
20403,2040300749013,13,431
20403,2040300749014,14,508
20403,2040300749015,15,863
20403,2040300749016,16,111
20403,2040300749017,17,357
20403,2040300749018,18,922
20403,2040300749019,19,987
20403,2040300749020,20,695
20403,2040300769001,1,945
20403,2040300769002,2,656
20403,2040300769003,3,995
20403,2040300769004,4,496
20403,2040300769005,5,994
20403,2040300769006,6,926
20403,2040300769007,7,280
20403,2040300769008,8,850
20403,2040300769009,9,205
20403,2040300769010,10,949
20403,2040300769011,11,812
20403,2040300769012,12,397
20403,2040300769013,13,272
20403,2040300782001,1,361
20403,2040300782002,2,281
20403,2040300782003,3,416
20403,2040300782004,4,539
20403,2040300782005,5,690
20403,2040300782006,6,452
20403,2040300782007,7,146
20403,2040300782008,8,204
20403,2040300782009,9,516
20404,2040400791001,1,801
20404,2040400791002,2,801
20404,2040400791003,3,9
20404,2040400791004,4,985
20405,2040500795001,1,545
20405,2040500795002,2,243
20405,2040500795003,3,361
20405,2040500795004,4,38
20405,2040500795005,5,870
20405,2040500795006,6,954
20405,2040500795007,7,638
20405,2040500795008,8,658
20405,2040500795009,9,875
20405,2040500795010,10,464
20405,2040500795011,11,474
20405,2040500795012,12,807
20405,2040500795013,13,761
20405,2040500795014,14,72
20405,2040500795015,15,92
20405,2040500795016,16,788
20501,2050100811001,1,334
20501,2050100811002,2,581
20501,2050100811003,3,577
20501,2050100811004,4,430
20501,2050100811005,5,162
20501,2050100811006,6,27
20501,2050100811007,7,843
20501,2050100818001,1,217
20501,2050100818002,2,645
20501,2050100818003,3,760
20501,2050100818004,4,891
20501,2050100818005,5,500
20501,2050100818006,6,305
20501,2050100818007,7,898
20501,2050100818008,8,784
20501,2050100818009,9,290
20501,2050100818010,10,330
20501,2050100818011,11,640
20501,2050100818012,12,100
20501,2050100818013,13,981
20501,2050100818014,14,555
20501,2050100818015,15,876
20501,2050100818016,16,299
20501,2050100818017,17,554
20502,2050200835001,1,440
20502,2050200835002,2,902
20502,2050200835003,3,990
20502,2050200835004,4,811
20503,2050300839001,1,765
20503,2050300839002,2,758
20503,2050300839003,3,8
20503,2050300839004,4,530
20503,2050300839005,5,665
20503,2050300844001,1,4
20503,2050300844002,2,649
20503,2050300844003,3,884
20503,2050300844004,4,782
20503,2050300844005,5,126
20503,2050300844006,6,704
20503,2050300844007,7,26
20503,2050300844008,8,966
20503,2050300844009,9,320
20503,2050300844010,10,864
20503,2050300844011,11,624
20503,2050300844012,12,150
20503,2050300844013,13,550
20503,2050300844014,14,400
20503,2050300844015,15,408
20503,2050300844016,16,767
20503,2050300844017,17,579
20601,2060100861001,1,793
20601,2060100861002,2,904
20601,2060100861003,3,862
20601,2060100861004,4,159
20601,2060100861005,5,544
20601,2060100861006,6,618
20601,2060100861007,7,313
20601,2060100861008,8,628
20601,2060100861009,9,540
20601,2060100861010,10,679
20602,2060200871001,1,186
20602,2060200871002,2,662
20602,2060200871003,3,43
20602,2060200871004,4,969
20602,2060200871005,5,830
20602,2060200871006,6,597
20602,2060200871007,7,730
20602,2060200871008,8,758
20602,2060200871009,9,201
20602,2060200871010,10,140
20602,2060200871011,11,743
20602,2060200871012,12,696
20602,2060200871013,13,662
20602,2060200871014,14,297
20602,2060200871015,15,480
20602,2060200871016,16,873
20602,2060200871017,17,665
20602,2060200888001,1,896
20602,2060200889001,1,786
20602,2060200889002,2,740
20602,2060200889003,3,853
20602,2060200889004,4,189
20602,2060200889005,5,539
20602,2060200889006,6,42
20602,2060200889007,7,449
20602,2060200889008,8,235
20602,2060200889009,9,863
20602,2060200889010,10,705
20602,2060200889011,11,138
20602,2060200900001,1,723
20602,2060200900002,2,450
20602,2060200900003,3,404
20602,2060200900004,4,605
20602,2060200900005,5,271
20602,2060200900006,6,620
20602,2060200900007,7,735
20602,2060200900008,8,978
20602,2060200900009,9,357
20603,2060300909001,1,58
20603,2060300909002,2,671
20603,2060300909003,3,491
20603,2060300909004,4,591
20603,2060300909005,5,697
20603,2060300909006,6,107
20603,2060300909007,7,130
20603,2060300909008,8,400
20603,2060300909009,9,875
20603,2060300909010,10,485
20603,2060300909011,11,641
20603,2060300909012,12,524
20603,2060300909013,13,233
20603,2060300909014,14,198
20603,2060300909015,15,602
20603,2060300909016,16,940
20603,2060300909017,17,327
20603,2060300926001,1,688
20603,2060300926002,2,51
20603,2060300926003,3,220
20603,2060300926004,4,729
20603,2060300926005,5,184
20603,2060300926006,6,154
20603,2060300926007,7,379
20603,2060300926008,8,112
20603,2060300926009,9,342
20603,2060300926010,10,240
20603,2060300926011,11,188
20603,2060300926012,12,966
20603,2060300926013,13,843
20603,2060300926014,14,624
20604,2060400940001,1,67
20604,2060400940002,2,992
20604,2060400940003,3,942
20604,2060400940004,4,762
20604,2060400940005,5,651
20604,2060400940006,6,294
20604,2060400940007,7,245
20604,2060400940008,8,996
20604,2060400948001,1,935
20605,2060500949001,1,143
20605,2060500949002,2,17
20605,2060500949003,3,635
20605,2060500949004,4,210
20605,2060500949005,5,54
20605,2060500949006,6,260
20605,2060500949007,7,653
20605,2060500949008,8,159
20605,2060500949009,9,546
20605,2060500949010,10,216
20605,2060500949011,11,200
20605,2060500949012,12,658
20605,2060500949013,13,484
20605,2060500962001,1,655
20605,2060500962002,2,951
20605,2060500962003,3,278
20605,2060500962004,4,167
20605,2060500962005,5,201
20605,2060500962006,6,450
20605,2060500962007,7,807
20605,2060500962008,8,82
20605,2060500962009,9,770
20606,2060600971001,1,790
20606,2060600971002,2,750
20606,2060600971003,3,73
20606,2060600971004,4,277
20606,2060600971005,5,173
20606,2060600971006,6,571
20607,2060700977001,1,37
20607,2060700977002,2,407
20607,2060700977003,3,113
20607,2060700977004,4,514
20607,2060700977005,5,677
20608,2060800982001,1,543
20608,2060800982002,2,956
20608,2060800982003,3,559
20608,2060800982004,4,791
20608,2060800982005,5,51
20608,2060800982006,6,950
20608,2060800982007,7,921
20608,2060800982008,8,551
20608,2060800982009,9,248
20608,2060800982010,10,422
20608,2060800982011,11,37
20608,2060800982012,12,222
20608,2060800982013,13,1
20608,2060800982014,14,255
20701,2070100996001,1,807
20701,2070100996002,2,584
20701,2070100996003,3,458
20701,2070100996004,4,675
20701,2070100996005,5,141
20701,2070100996006,6,228
20701,2070100996007,7,615
20701,2070100996008,8,749
20701,2070100996009,9,601
20701,2070100996010,10,848
20701,2070100996011,11,43
20701,2070100996012,12,51
20701,2070100996013,13,195
20701,2070101009001,1,808
20701,2070101009002,2,824
20701,2070101009003,3,395
20701,2070101009004,4,748
20701,2070101009005,5,357
20701,2070101009006,6,45
20701,2070101015001,1,468
20701,2070101015002,2,721
20701,2070101015003,3,204
20701,2070101015004,4,7
20701,2070101015005,5,610
20701,2070101020001,1,305
20701,2070101020002,2,308
20701,2070101020003,3,810
20701,2070101020004,4,945
20701,2070101020005,5,213
20701,2070101020006,6,885
20701,2070101020007,7,966
20701,2070101020008,8,291
20801,2080101028001,1,475
20801,2080101028002,2,668
20801,2080101028003,3,61
20801,2080101028004,4,11
20801,2080101028005,5,389
20801,2080101028006,6,83
20801,2080101034001,1,756
20801,2080101034002,2,821
20801,2080101034003,3,347
20802,2080201037001,1,443
20802,2080201037002,2,209
20802,2080201037003,3,115
20802,2080201037004,4,775
20802,2080201037005,5,123
20802,2080201037006,6,367
20802,2080201037007,7,747
20802,2080201037008,8,891
20802,2080201037009,9,737
20802,2080201046001,1,857
20802,2080201046002,2,619
20802,2080201046003,3,128
20802,2080201046004,4,71
20802,2080201046005,5,428
20802,2080201046006,6,396
20802,2080201046007,7,114
20802,2080201046008,8,985
20802,2080201046009,9,603
20802,2080201046010,10,297
20802,2080201046011,11,338
20802,2080201046012,12,180
20802,2080201046013,13,498
20802,2080201046014,14,204
20802,2080201046015,15,417
20802,2080201046016,16,749
20802,2080201046017,17,148
20802,2080201046018,18,456
20802,2080201046019,19,641
20802,2080201046020,20,247
20802,2080201066001,1,649
20802,2080201066002,2,525
20802,2080201066003,3,234
20802,2080201066004,4,660
20803,2080301070001,1,4
20803,2080301070002,2,532
20803,2080301070003,3,731
20803,2080301070004,4,794
20803,2080301070005,5,977
20803,2080301070006,6,121
20803,2080301070007,7,436
20803,2080301070008,8,425
20803,2080301070009,9,667
20803,2080301070010,10,600
20803,2080301070011,11,277
20803,2080301070012,12,71
20803,2080301070013,13,782
20803,2080301070014,14,104
20803,2080301070015,15,776
20803,2080301070016,16,544
20803,2080301086001,1,842
20803,2080301086002,2,353
20803,2080301086003,3,283
20803,2080301089001,1,581
20803,2080301089002,2,204
20803,2080301089003,3,857
20803,2080301089004,4,311
20803,2080301089005,5,965
20803,2080301089006,6,542
20803,2080301089007,7,363
20803,2080301089008,8,403
20803,2080301089009,9,104
20803,2080301089010,10,659
20803,2080301089011,11,655
20803,2080301089012,12,114
20803,2080301089013,13,428
20803,2080301089014,14,639
20804,2080401103001,1,189
20804,2080401103002,2,24
20804,2080401103003,3,169
20804,2080401103004,4,967
20804,2080401107001,1,628
20805,2080501108001,1,112
20805,2080501108002,2,967
20805,2080501108003,3,974
20805,2080501108004,4,291
20805,2080501108005,5,440
20805,2080501108006,6,903
20805,2080501108007,7,686
20805,2080501108008,8,794
20805,2080501108009,9,931
20805,2080501108010,10,225
20805,2080501108011,11,66
20805,2080501108012,12,512
20805,2080501108013,13,832
20805,2080501108014,14,41
20805,2080501108015,15,300
20805,2080501108016,16,863
20805,2080501108017,17,797
20805,2080501108018,18,250
20805,2080501126001,1,236
20805,2080501126002,2,143
20805,2080501128001,1,153
20805,2080501128002,2,94
20805,2080501128003,3,246
20805,2080501128004,4,264
20805,2080501128005,5,167
20805,2080501128006,6,156
20805,2080501128007,7,116
20805,2080501128008,8,470
20805,2080501136001,1,750
20805,2080501136002,2,5
20805,2080501136003,3,616
20805,2080501136004,4,674
20805,2080501136005,5,635
20805,2080501136006,6,372
20805,2080501136007,7,155
20805,2080501136008,8,61
20805,2080501136009,9,825
20805,2080501136010,10,163
20805,2080501136011,11,56
20805,2080501136012,12,640
20805,2080501136013,13,178
20806,2080601149001,1,498
20806,2080601149002,2,431
20806,2080601149003,3,64
20806,2080601149004,4,584
20806,2080601149005,5,15
20806,2080601149006,6,213
20806,2080601149007,7,508
20806,2080601149008,8,142
20806,2080601149009,9,979
20806,2080601149010,10,693
20806,2080601149011,11,870
20806,2080601149012,12,958
20806,2080601149013,13,569
20806,2080601149014,14,598
20806,2080601149015,15,321
20806,2080601149016,16,142
20806,2080601149017,17,165
20806,2080601149018,18,996
20806,2080601149019,19,682
20806,2080601149020,20,45
20807,2080701169001,1,630
20807,2080701169002,2,963
20807,2080701169003,3,910
20807,2080701169004,4,765
20807,2080701169005,5,595
20807,2080701169006,6,702
20807,2080701175001,1,541
20807,2080701175002,2,382
20807,2080701175003,3,238
20901,2090101178001,1,219
20901,2090101178002,2,864
20901,2090101180001,1,533
20901,2090101180002,2,634
20901,2090101180003,3,74
20901,2090101180004,4,697
20901,2090101180005,5,524
20901,2090101180006,6,738
20901,2090101180007,7,914
20901,2090101180008,8,811
20901,2090101188001,1,55
20901,2090101188002,2,534
20901,2090101188003,3,451
20901,2090101188004,4,551
20901,2090101188005,5,317
20903,2090301193001,1,297
20903,2090301193002,2,226
20903,2090301193003,3,434
20903,2090301193004,4,714
20903,2090301193005,5,924
20903,2090301193006,6,976
20903,2090301193007,7,23
20903,2090301193008,8,330
20903,2090301193009,9,876
20905,2090501202001,1,976
20905,2090501202002,2,985
20905,2090501202003,3,179
20905,2090501202004,4,827
20905,2090501202005,5,629
20905,2090501202006,6,635
20905,2090501202007,7,973
20905,2090501202008,8,731
20905,2090501202009,9,106
20905,2090501202010,10,60
20905,2090501202011,11,212
21001,2100101213001,1,81
21001,2100101213002,2,392
21001,2100101213003,3,147
21001,2100101213004,4,530
21001,2100101213005,5,865
21001,2100101213006,6,828
21001,2100101213007,7,527
21001,2100101220001,1,340
21001,2100101220002,2,124
21001,2100101220003,3,894
21001,2100101220004,4,791
21001,2100101220005,5,48
21001,2100101220006,6,930
21001,2100101220007,7,24
21001,2100101220008,8,149
21001,2100101220009,9,55
21001,2100101220010,10,395
21001,2100101220011,11,103
21001,2100101220012,12,588
21001,2100101220013,13,16
21001,2100101220014,14,159
21001,2100101220015,15,583
21001,2100101220016,16,883
21001,2100101220017,17,448
21001,2100101220018,18,592
21001,2100101220019,19,331
21001,2100101220020,20,605
21002,2100201240001,1,715
21002,2100201240002,2,730
21002,2100201240003,3,754
21002,2100201240004,4,260
21002,2100201240005,5,498
21002,2100201240006,6,687
21002,2100201240007,7,750
21002,2100201240008,8,782
21002,2100201240009,9,738
21002,2100201240010,10,59
21002,2100201240011,11,642
21002,2100201240012,12,199
21002,2100201240013,13,135
21002,2100201253001,1,195
21002,2100201253002,2,121
21002,2100201253003,3,40
21002,2100201253004,4,746
21002,2100201253005,5,26
21002,2100201253006,6,835
21002,2100201253007,7,957
21002,2100201253008,8,756
21002,2100201253009,9,150
21002,2100201253010,10,975
21002,2100201253011,11,241
21002,2100201253012,12,773
21002,2100201253013,13,67
21002,2100201253014,14,377
21002,2100201253015,15,168
21002,2100201253016,16,926
21002,2100201253017,17,612
21002,2100201253018,18,35
21002,2100201253019,19,251
21003,2100301272001,1,727
21003,2100301272002,2,706
21003,2100301272003,3,507
21003,2100301272004,4,102
21003,2100301272005,5,319
21003,2100301272006,6,433
21003,2100301272007,7,808
21003,2100301272008,8,477
21003,2100301272009,9,537
21003,2100301272010,10,823
21003,2100301272011,11,968
21003,2100301272012,12,350
21003,2100301272013,13,714
21003,2100301272014,14,7
21003,2100301272015,15,172
21003,2100301272016,16,343
21003,2100301272017,17,87
21003,2100301272018,18,749
21003,2100301272019,19,712
21005,2100501291001,1,448
21005,2100501291002,2,569
21005,2100501291003,3,288
21005,2100501291004,4,157
21005,2100501291005,5,262
21005,2100501291006,6,428
21005,2100501291007,7,976
21005,2100501291008,8,484
21005,2100501291009,9,400
21006,2100601300001,1,688
21006,2100601300002,2,624
21006,2100601300003,3,199
21006,2100601300004,4,98
21006,2100601300005,5,140
21006,2100601300006,6,443
21006,2100601300007,7,595
21006,2100601300008,8,678
21006,2100601308001,1,585
21006,2100601308002,2,824
21006,2100601308003,3,676
21006,2100601308004,4,751
21006,2100601308005,5,785
21006,2100601308006,6,744
21006,2100601308007,7,849
21006,2100601308008,8,436
21006,2100601308009,9,189
21006,2100601308010,10,132
21101,2110101318001,1,849
21101,2110101318002,2,258
21101,2110101318003,3,998
21101,2110101318004,4,571
21101,2110101318005,5,694
21101,2110101318006,6,543
21101,2110101318007,7,893
21101,2110101318008,8,15
21101,2110101318009,9,362
21101,2110101318010,10,484
21101,2110101318011,11,748
21101,2110101318012,12,956
21101,2110101318013,13,991
21101,2110101318014,14,324
21101,2110101332001,1,359
21101,2110101332002,2,573
21101,2110101332003,3,340
21101,2110101332004,4,526
21101,2110101332005,5,189
21101,2110101332006,6,317
21101,2110101332007,7,409
21101,2110101332008,8,715
21101,2110101332009,9,512
21101,2110101332010,10,868
21101,2110101332011,11,531
21101,2110101332012,12,810
21101,2110101332013,13,123
21101,2110101332014,14,269
21101,2110101332015,15,73
21102,2110201347001,1,982
21102,2110201347002,2,315
21102,2110201347003,3,959
21102,2110201347004,4,258
21102,2110201347005,5,221
21102,2110201347006,6,939
21103,2110301353001,1,746
21103,2110301353002,2,92
21103,2110301353003,3,841
21103,2110301353004,4,407
21103,2110301353005,5,950
21103,2110301353006,6,662
21103,2110301353007,7,296
21103,2110301353008,8,736
21103,2110301353009,9,969
21103,2110301353010,10,768
21103,2110301363001,1,989
21103,2110301363002,2,301
21103,2110301363003,3,344
21103,2110301363004,4,740
21103,2110301363005,5,946
21103,2110301363006,6,589
21103,2110301363007,7,255
21103,2110301363008,8,486
21103,2110301363009,9,689
21103,2110301363010,10,415
21104,2110401373001,1,886
21104,2110401373002,2,628
21104,2110401373003,3,169
21104,2110401373004,4,519
21104,2110401373005,5,948
21104,2110401373006,6,122
21104,2110401373007,7,66
21104,2110401373008,8,256
21104,2110401381001,1,988
21104,2110401381002,2,177
21104,2110401381003,3,52
21105,2110501384001,1,436
21105,2110501384002,2,603
21105,2110501384003,3,813
21201,2120101387001,1,108
21201,2120101387002,2,139
21201,2120101387003,3,365
21201,2120101387004,4,104
21201,2120101387005,5,668
21201,2120101387006,6,692
21201,2120101387007,7,948
21201,2120101387008,8,876
21201,2120101387009,9,512
21201,2120101387010,10,54
21201,2120101387011,11,241
21201,2120101387012,12,197
21201,2120101399001,1,210
21201,2120101399002,2,619
21203,2120301401001,1,672
21203,2120301401002,2,68
21203,2120301401003,3,993
21203,2120301401004,4,136
21203,2120301401005,5,885
21203,2120301401006,6,254
21203,2120301401007,7,343
21203,2120301401008,8,91
21203,2120301401009,9,546
21203,2120301401010,10,442
21203,2120301401011,11,172
21203,2120301401012,12,759
21203,2120301401013,13,792
21203,2120301401014,14,351
21203,2120301401015,15,727
21203,2120301401016,16,973
21203,2120301417001,1,483
21204,2120401418001,1,187
21204,2120401418002,2,141
21204,2120401418003,3,213
21204,2120401418004,4,773
21204,2120401418005,5,846
21204,2120401418006,6,830
21204,2120401418007,7,889
21204,2120401418008,8,351
21204,2120401418009,9,365
21204,2120401418010,10,185
21204,2120401418011,11,210
21204,2120401418012,12,566
21204,2120401418013,13,796
21204,2120401418014,14,873
21204,2120401418015,15,119
21204,2120401418016,16,942
21204,2120401418017,17,906
21301,2130101435001,1,395
21301,2130101435002,2,788
21301,2130101435003,3,522
21301,2130101435004,4,189
21301,2130101435005,5,760
21301,2130101435006,6,348
21301,2130101435007,7,226
21301,2130101435008,8,241
21302,2130201443001,1,114
21303,2130301444001,1,247
21303,2130301444002,2,888
21303,2130301444003,3,434
21303,2130301444004,4,291
21303,2130301444005,5,825
21303,2130301444006,6,114
21303,2130301444007,7,919
21303,2130301444008,8,620
21303,2130301444009,9,965
21303,2130301444010,10,254
21303,2130301444011,11,991
21303,2130301444012,12,994
21303,2130301444013,13,129
21303,2130301444014,14,947
21304,2130401458001,1,623
21304,2130401458002,2,477
21304,2130401458003,3,645
21304,2130401458004,4,879
21304,2130401462001,1,770
21304,2130401462002,2,503
21304,2130401462003,3,526
21304,2130401462004,4,377
21304,2130401462005,5,844
21304,2130401462006,6,397
21304,2130401462007,7,18
21304,2130401462008,8,251
21304,2130401462009,9,268
21304,2130401462010,10,141
21304,2130401462011,11,247
21304,2130401462012,12,421
21304,2130401462013,13,328
21304,2130401462014,14,602
21304,2130401462015,15,808
21304,2130401462016,16,569
21304,2130401462017,17,278
21304,2130401462018,18,396
21401,2140101480001,1,815
21401,2140101480002,2,785
21401,2140101480003,3,636
21401,2140101480004,4,557
21401,2140101480005,5,957
21401,2140101480006,6,901
21401,2140101480007,7,390
21401,2140101480008,8,967
21401,2140101480009,9,735
21401,2140101480010,10,517
21401,2140101480011,11,384
21401,2140101480012,12,294
21401,2140101480013,13,245
21401,2140101480014,14,219
21401,2140101480015,15,50
21401,2140101480016,16,578
21401,2140101480017,17,222
21401,2140101480018,18,837
21401,2140101480019,19,878
21401,2140101499001,1,560
21401,2140101499002,2,139
21401,2140101499003,3,609
21401,2140101499004,4,961
21401,2140101499005,5,617
21401,2140101499006,6,140
21401,2140101499007,7,218
21401,2140101499008,8,340
21402,2140201507001,1,630
21402,2140201507002,2,827
21402,2140201507003,3,764
21402,2140201507004,4,480
21402,2140201511001,1,323
21402,2140201511002,2,519
21402,2140201511003,3,575
21402,2140201511004,4,412
21402,2140201511005,5,622
21402,2140201511006,6,45
21402,2140201511007,7,452
21402,2140201511008,8,424
21402,2140201511009,9,222
21402,2140201511010,10,340
21402,2140201511011,11,477
21402,2140201511012,12,734
21402,2140201511013,13,914
21402,2140201511014,14,282
21402,2140201511015,15,456
21402,2140201511016,16,615
21402,2140201511017,17,96
21501,2150101528001,1,289
21501,2150101528002,2,722
21501,2150101528003,3,657
21501,2150101528004,4,648
21501,2150101528005,5,852
21501,2150101528006,6,531
21501,2150101528007,7,46
21501,2150101528008,8,11
21501,2150101528009,9,146
21501,2150101528010,10,365
21501,2150101528011,11,114
21501,2150101528012,12,13
21501,2150101528013,13,522
21501,2150101528014,14,599
21501,2150101528015,15,482
21501,2150101528016,16,57
21501,2150101544001,1,868
21501,2150101544002,2,554
21501,2150101544003,3,844
21501,2150101544004,4,434
21501,2150101544005,5,51
21501,2150101544006,6,881
21501,2150101544007,7,932
21501,2150101544008,8,596
21501,2150101544009,9,848
21501,2150101544010,10,755
21501,2150101544011,11,977
21501,2150101544012,12,518
21501,2150101544013,13,280
21501,2150101544014,14,776
21501,2150101558001,1,609
21501,2150101558002,2,494
21501,2150101558003,3,465
21501,2150101558004,4,443
21501,2150101558005,5,532
21501,2150101558006,6,796
21501,2150101558007,7,751
21502,2150201565001,1,641
21502,2150201565002,2,738
21502,2150201565003,3,488
21502,2150201565004,4,382
21502,2150201565005,5,551
21502,2150201565006,6,143
21502,2150201565007,7,12
21502,2150201565008,8,585
21502,2150201565009,9,606
21502,2150201565010,10,391
21502,2150201575001,1,558
21601,2160101576001,1,865
21601,2160101577001,1,122
21601,2160101577002,2,788
21601,2160101577003,3,727
21601,2160101577004,4,262
21601,2160101577005,5,148
21601,2160101577006,6,391
21601,2160101577007,7,332
21601,2160101577008,8,670
21601,2160101577009,9,480
21601,2160101577010,10,541
21601,2160101577011,11,566
21601,2160101577012,12,857
21601,2160101577013,13,30
21601,2160101577014,14,456
21601,2160101577015,15,986
21601,2160101577016,16,80
21601,2160101577017,17,42
21601,2160101577018,18,282
21601,2160101577019,19,325
21601,2160101577020,20,839
21601,2160101597001,1,839
21601,2160101597002,2,626
21601,2160101597003,3,743
21601,2160101597004,4,892
21601,2160101597005,5,926
21601,2160101597006,6,77
21601,2160101597007,7,798
21601,2160101597008,8,274
21601,2160101597009,9,254
21601,2160101597010,10,587
21601,2160101597011,11,327
21601,2160101597012,12,920
21601,2160101597013,13,14
21601,2160101597014,14,376
21601,2160101597015,15,151
21601,2160101597016,16,697
21601,2160101597017,17,902
21601,2160101597018,18,341
21601,2160101597019,19,902
21601,2160101597020,20,51
21601,2160101617001,1,738
21601,2160101617002,2,555
21601,2160101617003,3,212
21601,2160101617004,4,508
21601,2160101617005,5,670
21601,2160101617006,6,678
21601,2160101617007,7,864
21602,2160201624001,1,737
21602,2160201624002,2,973
21602,2160201624003,3,865
21602,2160201624004,4,535
21602,2160201624005,5,888
21602,2160201624006,6,687
21702,2170201630001,1,967
21702,2170201630002,2,204
21702,2170201630003,3,753
21702,2170201630004,4,860
21702,2170201630005,5,597
21702,2170201630006,6,503
21702,2170201630007,7,697
21702,2170201630008,8,574
21702,2170201630009,9,853
21702,2170201630010,10,65
21702,2170201630011,11,708
21702,2170201630012,12,811
21702,2170201630013,13,684
21702,2170201630014,14,648
21702,2170201630015,15,820
21703,2170301645001,1,737
21703,2170301645002,2,808
21703,2170301645003,3,846
21703,2170301645004,4,274
21703,2170301645005,5,868
21703,2170301645006,6,326
21703,2170301645007,7,909
21703,2170301645008,8,286
21703,2170301645009,9,230
21703,2170301645010,10,350
21703,2170301645011,11,861
21703,2170301645012,12,992
21703,2170301645013,13,787
21703,2170301645014,14,508
21703,2170301659001,1,666
21703,2170301659002,2,919
21703,2170301659003,3,117
21703,2170301659004,4,253
21703,2170301659005,5,815
21703,2170301659006,6,846
21703,2170301659007,7,763
21703,2170301659008,8,462
21703,2170301659009,9,29
21703,2170301659010,10,245
21703,2170301659011,11,427
21703,2170301659012,12,447
21703,2170301659013,13,231
21703,2170301659014,14,392
21703,2170301659015,15,566
21703,2170301659016,16,626
21703,2170301659017,17,179
21703,2170301659018,18,893
21703,2170301659019,19,599
21703,2170301659020,20,152
21801,2180101679001,1,493
21801,2180101679002,2,982
21801,2180101679003,3,279
21801,2180101682001,1,620
21801,2180101682002,2,325
21801,2180101682003,3,434
21802,2180201685001,1,953
21802,2180201685002,2,355
21803,2180301687001,1,24
21803,2180301687002,2,489
21803,2180301687003,3,835
21803,2180301687004,4,453
21803,2180301687005,5,93
21803,2180301687006,6,237
21803,2180301687007,7,599
21803,2180301687008,8,261
21803,2180301687009,9,254
21803,2180301687010,10,505
21803,2180301687011,11,136
21803,2180301687012,12,3
21803,2180301687013,13,244
21803,2180301687014,14,267
21803,2180301687015,15,785
21803,2180301687016,16,763
21803,2180301687017,17,942
21803,2180301687018,18,913
21902,2190201705001,1,619
21902,2190201705002,2,513
21902,2190201705003,3,261
21902,2190201705004,4,240
21902,2190201705005,5,615
21902,2190201705006,6,904
21902,2190201705007,7,139
21902,2190201705008,8,21
21902,2190201705009,9,643
21902,2190201705010,10,447
21902,2190201705011,11,52
21902,2190201705012,12,741
22002,2200201717001,1,12
22002,2200201717002,2,341
22002,2200201717003,3,591
22002,2200201717004,4,907
22002,2200201717005,5,340
22002,2200201717006,6,912
22002,2200201717007,7,715
22002,2200201717008,8,966
22002,2200201717009,9,766
22002,2200201717010,10,497
22002,2200201717011,11,456
22002,2200201728001,1,951
22002,2200201728002,2,328
22002,2200201728003,3,737
22002,2200201731001,1,368
22002,2200201731002,2,832
22002,2200201731003,3,14
22002,2200201731004,4,345
22002,2200201731005,5,567
22002,2200201731006,6,761
22002,2200201731007,7,60
22002,2200201731008,8,313
22002,2200201731009,9,151
22002,2200201731010,10,139
22002,2200201731011,11,334
22002,2200201731012,12,533
22002,2200201731013,13,460
22002,2200201731014,14,904
22002,2200201731015,15,416
22002,2200201731016,16,1
22002,2200201731017,17,645
22002,2200201731018,18,356
22002,2200201731019,19,415
30201,3020101750001,1,69
30201,3020101750002,2,519
30201,3020101750003,3,924
30201,3020101750004,4,832
30201,3020101750005,5,610
30201,3020101750006,6,95
30201,3020101750007,7,145
30201,3020101750008,8,257
30201,3020101750009,9,534
30201,3020101750010,10,815
30201,3020101750011,11,790
30202,3020201761001,1,296
30202,3020201761002,2,819
30202,3020201761003,3,921
30202,3020201761004,4,551
30202,3020201761005,5,696
30202,3020201761006,6,851
30202,3020201761007,7,775
30202,3020201761008,8,507
30202,3020201761009,9,237
30202,3020201761010,10,394
30202,3020201761011,11,978
30202,3020201761012,12,451
30202,3020201761013,13,213
30202,3020201761014,14,658
30202,3020201761015,15,849
30202,3020201776001,1,261
30202,3020201776002,2,297
30202,3020201776003,3,471
30202,3020201776004,4,349
30202,3020201776005,5,464
30202,3020201776006,6,366
30202,3020201776007,7,437
30202,3020201776008,8,521
30202,3020201776009,9,877
30202,3020201776010,10,831
30202,3020201776011,11,212
30202,3020201776012,12,44
30202,3020201776013,13,85
30202,3020201776014,14,286
30202,3020201776015,15,422
30202,3020201776016,16,441
30202,3020201776017,17,114
30202,3020201793001,1,472
30202,3020201793002,2,613
30202,3020201793003,3,228
30202,3020201793004,4,382
30202,3020201793005,5,561
30202,3020201793006,6,532
30202,3020201793007,7,515
30202,3020201793008,8,201
30202,3020201793009,9,255
30202,3020201793010,10,693
30202,3020201793011,11,241
30202,3020201793012,12,964
30202,3020201793013,13,293
30202,3020201793014,14,810
30202,3020201793015,15,652
30202,3020201793016,16,769
30202,3020201793017,17,426
30202,3020201793018,18,451
30202,3020201793019,19,596
30203,3020301812001,1,834
30203,3020301812002,2,905
30203,3020301812003,3,735
30203,3020301812004,4,686
30203,3020301812005,5,601
30203,3020301812006,6,749
30203,3020301812007,7,511
30203,3020301812008,8,597
30302,3030201820001,1,744
30302,3030201820002,2,274
30302,3030201820003,3,176
30302,3030201820004,4,391
30302,3030201820005,5,33
30302,3030201820006,6,772
30302,3030201826001,1,991
30302,3030201826002,2,722
30302,3030201826003,3,40
30302,3030201826004,4,861
30302,3030201826005,5,853
30302,3030201826006,6,955
30302,3030201826007,7,906
30302,3030201826008,8,253
30302,3030201826009,9,490
30302,3030201826010,10,89
30302,3030201836001,1,979
30302,3030201836002,2,931
30302,3030201836003,3,930
30302,3030201836004,4,876
30302,3030201836005,5,92
30302,3030201836006,6,27
30302,3030201836007,7,742
30302,3030201836008,8,102
30302,3030201836009,9,718
30302,3030201836010,10,168
30302,3030201836011,11,207
30302,3030201836012,12,279
30302,3030201836013,13,70
30302,3030201836014,14,735
30302,3030201836015,15,432
30303,3030301851001,1,575
30303,3030301851002,2,80
30303,3030301851003,3,511
30303,3030301851004,4,441
30303,3030301851005,5,305
30303,3030301851006,6,673
30303,3030301851007,7,337
30303,3030301851008,8,103
30303,3030301851009,9,176
30303,3030301851010,10,859
30303,3030301851011,11,566
30303,3030301851012,12,735
30303,3030301851013,13,874
30303,3030301851014,14,152
30303,3030301851015,15,310
30303,3030301851016,16,85
30303,3030301851017,17,428
30303,3030301851018,18,740
30303,3030301851019,19,872
30401,3040101870001,1,271
30401,3040101870002,2,158
30401,3040101870003,3,20
30401,3040101870004,4,627
30401,3040101870005,5,257
30401,3040101870006,6,548
30401,3040101870007,7,819
30401,3040101870008,8,308
30401,3040101870009,9,536
30401,3040101870010,10,213
30401,3040101880001,1,947
30401,3040101880002,2,11
30401,3040101880003,3,786
30401,3040101880004,4,574
30401,3040101880005,5,503
30401,3040101880006,6,426
30401,3040101880007,7,499
30401,3040101880008,8,655
30402,3040201888001,1,121
30402,3040201888002,2,699
30403,3040301890001,1,308
30403,3040301890002,2,630
30403,3040301890003,3,680
30403,3040301890004,4,815
30403,3040301890005,5,706
30501,3050101895001,1,819
30501,3050101895002,2,72
30501,3050101897001,1,821
30501,3050101897002,2,319
30501,3050101897003,3,198
30501,3050101897004,4,836
30501,3050101897005,5,78
30501,3050101897006,6,624
30501,3050101897007,7,952
30501,3050101897008,8,754
30501,3050101897009,9,878
30501,3050101897010,10,408
30501,3050101897011,11,866
30501,3050101908001,1,542
30501,3050101908002,2,826
30501,3050101908003,3,216
30501,3050101908004,4,342
30501,3050101908005,5,277
30501,3050101908006,6,255
30501,3050101908007,7,402
30501,3050101908008,8,573
30501,3050101908009,9,879
30501,3050101908010,10,291
30501,3050101908011,11,329
30501,3050101908012,12,319
30602,3060201920001,1,108
30602,3060201920002,2,170
30602,3060201920003,3,584
30602,3060201920004,4,4
30602,3060201920005,5,991
30602,3060201920006,6,86
30602,3060201920007,7,597
30602,3060201920008,8,119
30602,3060201920009,9,111
30602,3060201920010,10,473
30602,3060201920011,11,979
30602,3060201920012,12,220
30602,3060201920013,13,942
30702,3070201933001,1,453
30702,3070201933002,2,794
30702,3070201933003,3,724
30702,3070201936001,1,4
30702,3070201936002,2,952
30702,3070201936003,3,267
30702,3070201936004,4,373
30702,3070201936005,5,575
30702,3070201941001,1,204
30702,3070201941002,2,157
30702,3070201941003,3,989
30702,3070201941004,4,101
30702,3070201941005,5,688
30702,3070201941006,6,688
30702,3070201941007,7,257
30702,3070201941008,8,857
30702,3070201941009,9,832
30702,3070201941010,10,34
30702,3070201941011,11,856
30702,3070201941012,12,936
30702,3070201941013,13,499
30702,3070201941014,14,418
30702,3070201941015,15,210
30702,3070201956001,1,82
30702,3070201956002,2,702
30702,3070201956003,3,189
30702,3070201956004,4,572
30702,3070201956005,5,413
30702,3070201956006,6,26
30702,3070201956007,7,700
30702,3070201956008,8,254
30702,3070201956009,9,393
30702,3070201956010,10,733
30702,3070201956011,11,675
30702,3070201956012,12,553
30702,3070201956013,13,392
30702,3070201956014,14,864
30702,3070201956015,15,774
30702,3070201956016,16,641
30702,3070201956017,17,671
30702,3070201956018,18,444
30702,3070201956019,19,463
30801,3080101975001,1,93
30801,3080101975002,2,337
30801,3080101975003,3,58
30801,3080101975004,4,829
30801,3080101975005,5,193
30801,3080101975006,6,25
30801,3080101975007,7,356
30801,3080101975008,8,355
30801,3080101975009,9,378
30801,3080101984001,1,759
30801,3080101984002,2,172
30801,3080101984003,3,728
30801,3080101984004,4,237
30801,3080101984005,5,843
30801,3080101984006,6,364
30801,3080101984007,7,18
30801,3080101991001,1,31
30801,3080101991002,2,248
30801,3080101991003,3,610
30801,3080101991004,4,599
30801,3080101991005,5,293
30801,3080101991006,6,220
30801,3080101991007,7,544
30801,3080101991008,8,587
30801,3080101991009,9,341
30801,3080101991010,10,958
30801,3080101991011,11,308
30801,3080101991012,12,306
30802,3080202003001,1,360
30802,3080202003002,2,667
30802,3080202003003,3,744
30802,3080202003004,4,305
30802,3080202003005,5,676
30802,3080202003006,6,419
30802,3080202003007,7,749
30803,3080302010001,1,384
30803,3080302010002,2,293
30803,3080302010003,3,373
30803,3080302010004,4,598
30803,3080302010005,5,973
30803,3080302010006,6,604
30803,3080302010007,7,159
30803,3080302010008,8,583
30803,3080302010009,9,896
30803,3080302010010,10,405
30803,3080302010011,11,633
30803,3080302010012,12,73
30803,3080302010013,13,623
30803,3080302010014,14,919
30803,3080302010015,15,472
30803,3080302010016,16,260
30803,3080302010017,17,141
30803,3080302010018,18,337
30803,3080302010019,19,843
30803,3080302010020,20,40
30901,3090102030001,1,603
30901,3090102030002,2,758
30901,3090102030003,3,867
30901,3090102030004,4,64
30901,3090102030005,5,580
30901,3090102030006,6,752
30901,3090102030007,7,596
30901,3090102030008,8,709
30901,3090102030009,9,868
30901,3090102030010,10,206
30901,3090102030011,11,105
30901,3090102030012,12,212
30901,3090102030013,13,402
30901,3090102030014,14,597
30901,3090102030015,15,926
30901,3090102030016,16,305
30901,3090102030017,17,375
30901,3090102030018,18,77
30901,3090102030019,19,284
30901,3090102049001,1,854
30901,3090102049002,2,967
30902,3090202051001,1,693
30902,3090202051002,2,778
30902,3090202051003,3,16
30902,3090202051004,4,772
30902,3090202051005,5,365
30902,3090202051006,6,275
30902,3090202051007,7,668
30902,3090202051008,8,514
30902,3090202051009,9,935
30902,3090202051010,10,539
30902,3090202051011,11,429
30902,3090202051012,12,353
30902,3090202051013,13,856
30902,3090202051014,14,946
30902,3090202051015,15,143
30902,3090202051016,16,576
30902,3090202051017,17,677
30903,3090302068001,1,628
30903,3090302068002,2,966
30903,3090302068003,3,440
30903,3090302068004,4,132
30903,3090302072001,1,791
30903,3090302072002,2,130
30903,3090302072003,3,669
31001,3100102075001,1,753
31001,3100102076001,1,864
31001,3100102076002,2,812
31001,3100102076003,3,997
31001,3100102076004,4,519
31001,3100102076005,5,239
31001,3100102076006,6,284
31001,3100102076007,7,196
31001,3100102076008,8,571
31001,3100102076009,9,180
31001,3100102076010,10,885
31001,3100102076011,11,360
31001,3100102076012,12,871
31001,3100102076013,13,602
31001,3100102076014,14,468
31001,3100102076015,15,609
31001,3100102076016,16,755
31001,3100102076017,17,514
31001,3100102076018,18,79
31001,3100102076019,19,682
31001,3100102076020,20,306
31002,3100202096001,1,815
31002,3100202096002,2,410
31002,3100202096003,3,435
31002,3100202096004,4,497
31002,3100202096005,5,585
31002,3100202096006,6,988
31002,3100202096007,7,735
31002,3100202096008,8,906
31002,3100202104001,1,58
31002,3100202104002,2,161
31002,3100202104003,3,986
31002,3100202104004,4,318
31002,3100202104005,5,450
31002,3100202104006,6,759
31002,3100202104007,7,996
31002,3100202104008,8,98
31002,3100202104009,9,333
31002,3100202104010,10,551
31002,3100202104011,11,988
31002,3100202104012,12,291
31002,3100202116001,1,570
31002,3100202116002,2,686
31002,3100202116003,3,485
31002,3100202116004,4,846
31002,3100202116005,5,67
31002,3100202116006,6,677
31002,3100202116007,7,286
31002,3100202116008,8,817
31002,3100202116009,9,527
31002,3100202116010,10,460
31002,3100202116011,11,202
31002,3100202116012,12,70
31002,3100202116013,13,453
31003,3100302129001,1,304
31003,3100302129002,2,677
31003,3100302129003,3,557
31003,3100302129004,4,258
31003,3100302129005,5,80
31003,3100302129006,6,645
31003,3100302129007,7,710
31003,3100302129008,8,539
31003,3100302129009,9,832
31003,3100302129010,10,778
31003,3100302139001,1,129
31003,3100302139002,2,286
31003,3100302139003,3,447
31003,3100302139004,4,258
31003,3100302139005,5,235
31003,3100302139006,6,444
31003,3100302139007,7,362
31003,3100302139008,8,417
31003,3100302139009,9,472
31003,3100302139010,10,906
31003,3100302139011,11,611
31003,3100302139012,12,49
31003,3100302139013,13,971
31003,3100302139014,14,941
31003,3100302139015,15,982
31003,3100302139016,16,187
31003,3100302139017,17,318
31003,3100302139018,18,293
31003,3100302139019,19,814
31003,3100302139020,20,387
31101,3110102159001,1,991
31101,3110102159002,2,369
31101,3110102159003,3,730
31101,3110102159004,4,660
31101,3110102159005,5,259
31101,3110102159006,6,139
31101,3110102159007,7,454
31101,3110102159008,8,676
31101,3110102159009,9,623
31101,3110102159010,10,821
31101,3110102159011,11,869
31202,3120202170001,1,255
31202,3120202170002,2,891
31202,3120202170003,3,58
31202,3120202170004,4,500
31202,3120202170005,5,759
31202,3120202170006,6,14
31202,3120202170007,7,386
31202,3120202170008,8,260
31202,3120202170009,9,355
31202,3120202170010,10,166
31202,3120202170011,11,143
31202,3120202170012,12,430
31202,3120202170013,13,496
31202,3120202170014,14,431
31202,3120202170015,15,973
31202,3120202170016,16,571
31202,3120202170017,17,24
31202,3120202170018,18,37
31202,3120202170019,19,694
31202,3120202170020,20,881
31202,3120202190001,1,742
31202,3120202190002,2,795
31202,3120202190003,3,378
31202,3120202190004,4,472
31202,3120202190005,5,619
31202,3120202190006,6,933
31202,3120202190007,7,107
31202,3120202190008,8,13
31202,3120202190009,9,46
31202,3120202199001,1,266
31202,3120202199002,2,313
31202,3120202199003,3,783
31202,3120202199004,4,194
31202,3120202199005,5,149
31202,3120202199006,6,746
31202,3120202199007,7,339
31202,3120202199008,8,943
31202,3120202199009,9,416
31202,3120202199010,10,474
31203,3120302209001,1,384
31203,3120302209002,2,877
31203,3120302209003,3,189
31203,3120302209004,4,708
31203,3120302209005,5,686
31203,3120302214001,1,522
31203,3120302214002,2,907
31203,3120302214003,3,320
31203,3120302214004,4,313
31203,3120302214005,5,304
31203,3120302214006,6,358
31203,3120302214007,7,172
31203,3120302214008,8,145
31203,3120302214009,9,119
31204,3120402223001,1,522
31204,3120402223002,2,603
31204,3120402223003,3,554
31204,3120402223004,4,656
31204,3120402223005,5,574
31204,3120402223006,6,732
31204,3120402223007,7,929
31204,3120402223008,8,374
31204,3120402223009,9,197
31204,3120402223010,10,592
31204,3120402223011,11,64
31204,3120402223012,12,710
31204,3120402223013,13,725
31204,3120402223014,14,820
31204,3120402223015,15,353
31204,3120402223016,16,11
31204,3120402223017,17,304
31204,3120402223018,18,20
31205,3120502241001,1,820
31205,3120502241002,2,928
31205,3120502241003,3,788
31205,3120502241004,4,714
31205,3120502241005,5,350
31206,3120602246001,1,417
31206,3120602246002,2,485
31206,3120602246003,3,858
31206,3120602246004,4,985
31206,3120602246005,5,39
31206,3120602246006,6,948
31206,3120602246007,7,207
31206,3120602246008,8,720
31206,3120602246009,9,730
31206,3120602246010,10,25
31206,3120602246011,11,372
31206,3120602246012,12,794
31206,3120602246013,13,416
31206,3120602246014,14,497
31206,3120602246015,15,259
31206,3120602246016,16,745
31206,3120602246017,17,36
31301,3130102263001,1,104
31301,3130102263002,2,32
31301,3130102263003,3,989
31301,3130102263004,4,472
31301,3130102263005,5,258
31301,3130102263006,6,906
31301,3130102263007,7,793
31301,3130102263008,8,332
31301,3130102263009,9,502
31301,3130102263010,10,880
31301,3130102263011,11,370
31301,3130102263012,12,282
31301,3130102263013,13,192
31303,3130302276001,1,619
31401,3140102277001,1,226
31401,3140102277002,2,907
31401,3140102277003,3,642
31401,3140102277004,4,318
31401,3140102277005,5,878
31401,3140102277006,6,937
31401,3140102277007,7,217
31401,3140102277008,8,492
31401,3140102277009,9,250
31401,3140102277010,10,338
31401,3140102277011,11,976
31401,3140102277012,12,101
31401,3140102277013,13,607
31401,3140102277014,14,441
31401,3140102277015,15,824
31401,3140102277016,16,898
31401,3140102277017,17,563
31401,3140102277018,18,79
31401,3140102277019,19,578
31401,3140102277020,20,140
31402,3140202297001,1,715
31402,3140202297002,2,407
31402,3140202297003,3,854
31402,3140202297004,4,750
31402,3140202297005,5,758
31402,3140202297006,6,976
31402,3140202297007,7,926
31402,3140202297008,8,708
31402,3140202297009,9,400
31402,3140202297010,10,185
31402,3140202297011,11,598
31402,3140202297012,12,959
31402,3140202297013,13,31
31402,3140202297014,14,365
31402,3140202297015,15,503
31402,3140202297016,16,790
31402,3140202313001,1,390
31402,3140202313002,2,391
31402,3140202313003,3,470
31402,3140202313004,4,38
31402,3140202313005,5,186
31402,3140202313006,6,504
31402,3140202313007,7,98
31402,3140202320001,1,530
31402,3140202320002,2,965
31402,3140202320003,3,692
31402,3140202320004,4,918
31402,3140202320005,5,694
31402,3140202320006,6,741
31402,3140202320007,7,496
31402,3140202320008,8,145
31402,3140202320009,9,304
31402,3140202320010,10,996
31402,3140202320011,11,734
31402,3140202320012,12,942
31402,3140202320013,13,350
31402,3140202333001,1,151
31402,3140202333002,2,83
31402,3140202333003,3,715
31402,3140202333004,4,290
31402,3140202333005,5,331
31402,3140202333006,6,705
31402,3140202333007,7,253
31402,3140202333008,8,94
31402,3140202333009,9,100
31402,3140202333010,10,233
31402,3140202333011,11,43
31402,3140202333012,12,350
31402,3140202333013,13,831
31402,3140202333014,14,506
31402,3140202333015,15,416
31402,3140202333016,16,713
31402,3140202333017,17,847
31402,3140202333018,18,359
31403,3140302351001,1,640
31403,3140302351002,2,672
31403,3140302351003,3,856
31403,3140302351004,4,426
31403,3140302351005,5,846
31403,3140302351006,6,102
31403,3140302351007,7,67
31403,3140302351008,8,39
31403,3140302351009,9,700
31403,3140302351010,10,350
31403,3140302351011,11,852
31403,3140302351012,12,519
31404,3140402363001,1,928
31404,3140402363002,2,460
31404,3140402363003,3,152
31404,3140402363004,4,897
31404,3140402363005,5,471
31404,3140402363006,6,754
31404,3140402363007,7,379
31404,3140402363008,8,46
31404,3140402363009,9,248
31404,3140402363010,10,404
31404,3140402363011,11,173
31404,3140402363012,12,679
31404,3140402363013,13,436
31404,3140402363014,14,878
31404,3140402363015,15,994
31404,3140402363016,16,135
31404,3140402363017,17,51
31405,3140502380001,1,555
31405,3140502380002,2,872
31405,3140502380003,3,971
31405,3140502380004,4,310
31405,3140502380005,5,128
31405,3140502380006,6,244
31405,3140502380007,7,312
31405,3140502380008,8,463
31405,3140502380009,9,234
31405,3140502380010,10,17
31405,3140502380011,11,339
31405,3140502380012,12,606
31405,3140502380013,13,98
31405,3140502380014,14,559
31405,3140502380015,15,20
31405,3140502380016,16,404
31405,3140502396001,1,776
31405,3140502396002,2,706
31405,3140502396003,3,938
31405,3140502396004,4,21
31405,3140502396005,5,855
31405,3140502396006,6,664
31405,3140502396007,7,346
31405,3140502396008,8,86
31501,3150102404001,1,698
31601,3160102405001,1,339
31601,3160102405002,2,720
31601,3160102405003,3,372
31601,3160102405004,4,383
31601,3160102405005,5,248
31601,3160102405006,6,310
31601,3160102405007,7,455
31601,3160102405008,8,22
31601,3160102405009,9,404
31601,3160102405010,10,485
31601,3160102405011,11,890
31601,3160102405012,12,553
31601,3160102417001,1,634
31601,3160102417002,2,529
31601,3160102417003,3,501
31601,3160102417004,4,767
31601,3160102417005,5,382
31601,3160102417006,6,487
31601,3160102417007,7,577
31601,3160102417008,8,427
31601,3160102417009,9,820
31601,3160102417010,10,93
31601,3160102417011,11,13
31601,3160102417012,12,59
31601,3160102417013,13,299
31601,3160102417014,14,827
31601,3160102417015,15,738
31601,3160102417016,16,77
31602,3160202433001,1,736
31602,3160202433002,2,913
31602,3160202433003,3,447
31602,3160202433004,4,760
31602,3160202433005,5,313
31602,3160202433006,6,408
31602,3160202433007,7,548
31602,3160202433008,8,667
31602,3160202433009,9,627
31602,3160202433010,10,921
31602,3160202443001,1,284
31602,3160202443002,2,794
31602,3160202443003,3,216
31602,3160202443004,4,18
31602,3160202443005,5,86
31602,3160202443006,6,949
31602,3160202443007,7,31
31602,3160202443008,8,717
31602,3160202443009,9,323
31602,3160202443010,10,285
31602,3160202443011,11,850
40101,4010102454001,1,585
40101,4010102454002,2,145
40101,4010102454003,3,83
40101,4010102454004,4,549
40101,4010102454005,5,708
40101,4010102454006,6,945
40101,4010102454007,7,618
40101,4010102454008,8,726
40101,4010102454009,9,951
40101,4010102454010,10,556
40101,4010102454011,11,947
40101,4010102454012,12,318
40101,4010102454013,13,851
40101,4010102454014,14,539
40101,4010102454015,15,162
40101,4010102454016,16,39
40101,4010102470001,1,724
40101,4010102470002,2,734
40101,4010102470003,3,552
40101,4010102470004,4,108
40101,4010102470005,5,782
40101,4010102470006,6,564
40101,4010102470007,7,507
40101,4010102470008,8,548
40101,4010102470009,9,889
40101,4010102470010,10,907
40101,4010102470011,11,975
40101,4010102470012,12,846
40101,4010102470013,13,749
40101,4010102470014,14,732
40101,4010102470015,15,10
40101,4010102470016,16,810
40101,4010102470017,17,996
40102,4010202487001,1,369
40102,4010202487002,2,177
40102,4010202487003,3,604
40102,4010202487004,4,645
40102,4010202487005,5,306
40102,4010202487006,6,17
40102,4010202487007,7,348
40102,4010202487008,8,639
40102,4010202487009,9,346
40102,4010202487010,10,684
40102,4010202487011,11,188
40102,4010202487012,12,780
40102,4010202487013,13,32
40102,4010202487014,14,634
40102,4010202487015,15,295
40102,4010202487016,16,832
40102,4010202487017,17,562
40103,4010302504001,1,20
40103,4010302504002,2,890
40103,4010302504003,3,122
40103,4010302504004,4,26
40103,4010302504005,5,331
40103,4010302504006,6,125
40103,4010302504007,7,392
40103,4010302504008,8,57
40103,4010302504009,9,76
40103,4010302504010,10,277
40103,4010302504011,11,77
40103,4010302504012,12,337
40103,4010302516001,1,937
40103,4010302516002,2,106
40103,4010302516003,3,609
40103,4010302516004,4,803
40103,4010302516005,5,22
40103,4010302516006,6,929
40103,4010302516007,7,177
40103,4010302516008,8,580
40103,4010302516009,9,649
40201,4020102525001,1,51
40201,4020102525002,2,71
40201,4020102525003,3,823
40201,4020102528001,1,474
40201,4020102528002,2,589
40201,4020102528003,3,810
40201,4020102528004,4,165
40201,4020102528005,5,747
40201,4020102528006,6,404
40201,4020102528007,7,716
40201,4020102528008,8,102
40201,4020102528009,9,6
40201,4020102528010,10,247
40201,4020102528011,11,382
40201,4020102528012,12,878
40201,4020102528013,13,60
40201,4020102528014,14,648
40201,4020102528015,15,5
40201,4020102528016,16,564
40201,4020102528017,17,472
40202,4020202545001,1,75
40202,4020202545002,2,128
40202,4020202545003,3,45
40202,4020202545004,4,188
40202,4020202545005,5,921
40202,4020202545006,6,820
40301,4030102551001,1,604
40301,4030102551002,2,741
40301,4030102551003,3,582
40301,4030102551004,4,150
40301,4030102551005,5,560
40301,4030102551006,6,728
40301,4030102551007,7,556
40301,4030102558001,1,901
40301,4030102558002,2,910
40301,4030102558003,3,96
40301,4030102558004,4,808
40301,4030102558005,5,518
40301,4030102558006,6,628
40301,4030102558007,7,456
40301,4030102558008,8,861
40301,4030102558009,9,826
40301,4030102558010,10,640
40301,4030102558011,11,28
40301,4030102558012,12,733
40301,4030102558013,13,571
40301,4030102558014,14,383
40301,4030102558015,15,563
40301,4030102558016,16,163
40301,4030102558017,17,336
40301,4030102558018,18,107
40301,4030102558019,19,655
40301,4030102577001,1,414
40301,4030102577002,2,930
40301,4030102577003,3,813
40301,4030102577004,4,324
40301,4030102577005,5,180
40301,4030102577006,6,218
40302,4030202583001,1,365
40302,4030202583002,2,402
40302,4030202583003,3,235
40302,4030202583004,4,283
40302,4030202583005,5,962
40302,4030202583006,6,993
40302,4030202583007,7,661
40302,4030202583008,8,433
40302,4030202583009,9,358
40302,4030202583010,10,982
40302,4030202583011,11,492
40302,4030202583012,12,32
40302,4030202583013,13,636
40302,4030202583014,14,843
40302,4030202583015,15,28
40302,4030202583016,16,817
40302,4030202583017,17,250
40302,4030202583018,18,44
40401,4040102601001,1,533
40401,4040102601002,2,563
40401,4040102601003,3,601
40401,4040102601004,4,583
40401,4040102601005,5,82
40401,4040102601006,6,309
40401,4040102601007,7,279
40401,4040102601008,8,765
40401,4040102601009,9,973
40401,4040102601010,10,765
40401,4040102601011,11,624
40401,4040102601012,12,926
40401,4040102601013,13,234
40401,4040102601014,14,16
40401,4040102601015,15,396
40401,4040102601016,16,218
40401,4040102601017,17,226
40401,4040102601018,18,266
40401,4040102619001,1,825
40401,4040102619002,2,456
40401,4040102619003,3,182
40401,4040102619004,4,935
40401,4040102619005,5,360
40401,4040102619006,6,285
40401,4040102619007,7,326
40401,4040102626001,1,56
40401,4040102626002,2,243
40401,4040102626003,3,918
40401,4040102626004,4,317
40401,4040102626005,5,801
40401,4040102626006,6,636
40401,4040102626007,7,34
40401,4040102626008,8,281
40401,4040102626009,9,862
40401,4040102626010,10,582
40401,4040102626011,11,549
40401,4040102626012,12,879
40401,4040102626013,13,775
40401,4040102626014,14,348
40501,4050102640001,1,747
40501,4050102640002,2,230
40501,4050102640003,3,390
40501,4050102643001,1,11
40501,4050102643002,2,56
40501,4050102643003,3,255
40503,4050302646001,1,152
40503,4050302646002,2,29
40503,4050302646003,3,620
40503,4050302646004,4,97
40503,4050302646005,5,135
40503,4050302646006,6,471
40503,4050302646007,7,686
40503,4050302646008,8,258
40503,4050302646009,9,815
40503,4050302646010,10,38
40503,4050302646011,11,996
40503,4050302646012,12,934
40503,4050302646013,13,758
40503,4050302646014,14,747
40503,4050302646015,15,801
40503,4050302646016,16,866
40503,4050302646017,17,727
40503,4050302646018,18,733
40503,4050302646019,19,768
40504,4050402665001,1,569
40504,4050402665002,2,469
40504,4050402665003,3,368
40504,4050402665004,4,40
40504,4050402665005,5,744
40504,4050402665006,6,881
40504,4050402665007,7,179
40504,4050402665008,8,995
40504,4050402665009,9,330
40504,4050402665010,10,557
40504,4050402665011,11,832
40504,4050402665012,12,531
40504,4050402665013,13,523
40504,4050402665014,14,20
40504,4050402665015,15,810
40504,4050402665016,16,660
40504,4050402665017,17,119
40504,4050402665018,18,353
40504,4050402665019,19,977
40504,4050402665020,20,549
40505,4050502685001,1,245
40505,4050502685002,2,350
40601,4060102687001,1,401
40601,4060102688001,1,26
40601,4060102688002,2,48
40601,4060102688003,3,290
40601,4060102688004,4,752
40601,4060102688005,5,38
40601,4060102688006,6,725
40601,4060102688007,7,714
40601,4060102688008,8,201
40601,4060102688009,9,576
40601,4060102688010,10,328
40601,4060102688011,11,141
40601,4060102688012,12,579
40601,4060102688013,13,517
40601,4060102688014,14,659
40601,4060102688015,15,781
40602,4060202703001,1,759
40602,4060202703002,2,356
40602,4060202703003,3,433
40602,4060202703004,4,525
40602,4060202703005,5,255
40602,4060202703006,6,332
40602,4060202703007,7,686
40602,4060202703008,8,300
40602,4060202703009,9,545
40602,4060202703010,10,595
40602,4060202703011,11,709
40602,4060202703012,12,794
40602,4060202703013,13,353
40602,4060202703014,14,984
40602,4060202703015,15,515
40602,4060202703016,16,12
40602,4060202703017,17,587
40602,4060202703018,18,94
40602,4060202703019,19,663
40602,4060202703020,20,218
40603,4060302723001,1,447
40603,4060302723002,2,512
40603,4060302723003,3,797
40603,4060302723004,4,22
40701,4070102727001,1,422
40701,4070102727002,2,884
40701,4070102727003,3,126
40701,4070102727004,4,891
40701,4070102727005,5,442
40701,4070102727006,6,830
40701,4070102727007,7,573
40701,4070102727008,8,754
40701,4070102727009,9,531
40701,4070102727010,10,647
40701,4070102727011,11,848
40801,4080102738001,1,54
40801,4080102738002,2,722
40801,4080102738003,3,452
40801,4080102738004,4,988
40801,4080102738005,5,765
40801,4080102738006,6,256
40801,4080102738007,7,138
40801,4080102738008,8,971
40801,4080102738009,9,81
40801,4080102738010,10,498
40801,4080102738011,11,656
40802,4080202749001,1,847
40802,4080202749002,2,199
40802,4080202749003,3,987
40802,4080202749004,4,877
40802,4080202749005,5,676
40802,4080202749006,6,630
40802,4080202749007,7,298
40802,4080202749008,8,168
40802,4080202749009,9,911
40802,4080202749010,10,715
40802,4080202749011,11,861
40802,4080202749012,12,908
40802,4080202749013,13,416
40802,4080202749014,14,679
40802,4080202749015,15,317
40901,4090102764001,1,546
40901,4090102764002,2,677
40901,4090102764003,3,963
40901,4090102764004,4,334
40901,4090102764005,5,316
40901,4090102764006,6,769
40901,4090102764007,7,394
40901,4090102764008,8,436
40901,4090102764009,9,334
40901,4090102764010,10,364
40901,4090102764011,11,922
40901,4090102764012,12,8
40901,4090102764013,13,443
40901,4090102764014,14,514
40901,4090102764015,15,916
40901,4090102764016,16,511
40902,4090202780001,1,169
40902,4090202780002,2,765
40902,4090202780003,3,222
40902,4090202780004,4,653
40902,4090202780005,5,951
40902,4090202780006,6,506
40902,4090202780007,7,747
40902,4090202780008,8,895
40902,4090202780009,9,775
40902,4090202780010,10,789
40902,4090202780011,11,511
40902,4090202780012,12,32
40902,4090202780013,13,13
40902,4090202793001,1,898
40902,4090202793002,2,410
40902,4090202793003,3,109
40902,4090202793004,4,679
40902,4090202793005,5,164
40902,4090202793006,6,147
40902,4090202793007,7,833
40902,4090202793008,8,118
40902,4090202793009,9,913
40902,4090202793010,10,99
40902,4090202793011,11,659
40902,4090202793012,12,597
40902,4090202793013,13,846
40902,4090202793014,14,293
40902,4090202793015,15,864
40902,4090202793016,16,572
40902,4090202793017,17,463
40902,4090202793018,18,540
40902,4090202793019,19,75
40903,4090302812001,1,738
40903,4090302812002,2,702
40903,4090302812003,3,295
40903,4090302812004,4,750
40903,4090302812005,5,664
40903,4090302812006,6,26
40903,4090302812007,7,862
40903,4090302812008,8,878
40903,4090302812009,9,73
40903,4090302812010,10,161
40903,4090302812011,11,237
40903,4090302812012,12,246
40903,4090302812013,13,363
40903,4090302812014,14,301
40903,4090302812015,15,637
40903,4090302812016,16,397
40903,4090302812017,17,672
40903,4090302812018,18,986
40903,4090302812019,19,339
40903,4090302812020,20,995
41101,4110102832001,1,900
41101,4110102832002,2,290
41101,4110102832003,3,836
41101,4110102832004,4,673
41101,4110102832005,5,339
41101,4110102832006,6,96
41101,4110102832007,7,303
41101,4110102832008,8,692
41101,4110102832009,9,312
41101,4110102832010,10,556
41101,4110102832011,11,726
41101,4110102832012,12,89
41101,4110102832013,13,798
41101,4110102832014,14,115
41101,4110102832015,15,320
41101,4110102832016,16,537
41101,4110102832017,17,115
41101,4110102832018,18,313
41101,4110102832019,19,674
41101,4110102832020,20,367
41101,4110102852001,1,330
41101,4110102852002,2,29
41101,4110102852003,3,243
41101,4110102852004,4,96
41101,4110102852005,5,943
41101,4110102852006,6,643
41101,4110102852007,7,555
41101,4110102852008,8,572
41101,4110102852009,9,907
41101,4110102852010,10,477
41101,4110102852011,11,857
41101,4110102852012,12,784
41101,4110102852013,13,506
41101,4110102852014,14,194
41101,4110102852015,15,312
41201,4120102867001,1,894
41201,4120102867002,2,176
41201,4120102867003,3,290
41201,4120102867004,4,817
41201,4120102867005,5,562
41201,4120102867006,6,748
41201,4120102867007,7,618
41201,4120102867008,8,792
41201,4120102867009,9,224
41201,4120102867010,10,653
41201,4120102867011,11,37
41201,4120102867012,12,769
41202,4120202879001,1,668
41202,4120202879002,2,632
41202,4120202879003,3,613
41202,4120202879004,4,857
41202,4120202879005,5,605
41202,4120202879006,6,794
41301,4130102885001,1,863
41301,4130102885002,2,781
41301,4130102885003,3,831
41301,4130102885004,4,200
41301,4130102885005,5,413
41301,4130102885006,6,110
41301,4130102885007,7,175
41301,4130102885008,8,566
41301,4130102885009,9,182
41301,4130102885010,10,164
41301,4130102885011,11,580
41301,4130102885012,12,324
41301,4130102885013,13,87
41401,4140102898001,1,501
41401,4140102898002,2,796
41401,4140102898003,3,413
41401,4140102898004,4,905
41401,4140102898005,5,156
41401,4140102898006,6,67
41401,4140102898007,7,62
41401,4140102898008,8,635
41401,4140102898009,9,757
41401,4140102898010,10,77
41401,4140102898011,11,862
41401,4140102909001,1,70
41401,4140102909002,2,57
41401,4140102909003,3,30
41401,4140102909004,4,786
41401,4140102909005,5,235
41401,4140102909006,6,846
41401,4140102909007,7,339
41401,4140102909008,8,127
41401,4140102909009,9,422
41401,4140102909010,10,654
41401,4140102909011,11,253
41401,4140102909012,12,98
41401,4140102909013,13,318
41401,4140102909014,14,408
41401,4140102909015,15,732
41401,4140102909016,16,645
41401,4140102909017,17,989
41401,4140102909018,18,411
41401,4140102909019,19,183
41401,4140102928001,1,330
41401,4140102928002,2,966
41401,4140102928003,3,82
41401,4140102928004,4,646
41401,4140102928005,5,358
41401,4140102928006,6,366
41401,4140102928007,7,267
41401,4140102928008,8,297
41401,4140102928009,9,828
41401,4140102928010,10,445
41401,4140102928011,11,274
41401,4140102928012,12,574
41401,4140102928013,13,7
41401,4140102928014,14,209
41401,4140102928015,15,605
41401,4140102928016,16,418
41401,4140102928017,17,860
41501,4150102945001,1,128
41501,4150102945002,2,53
41501,4150102945003,3,481
41501,4150102945004,4,515
41501,4150102945005,5,541
41501,4150102945006,6,546
41501,4150102945007,7,966
41501,4150102945008,8,562
41501,4150102945009,9,892
41501,4150102945010,10,317
41501,4150102945011,11,460
41501,4150102956001,1,533
41501,4150102956002,2,129
41501,4150102956003,3,24
41501,4150102956004,4,623
41501,4150102956005,5,6
41501,4150102956006,6,542
41501,4150102956007,7,428
41501,4150102956008,8,961
41501,4150102956009,9,765
41501,4150102956010,10,723
41501,4150102956011,11,135
41501,4150102956012,12,62
41501,4150102956013,13,539
41501,4150102956014,14,522
41501,4150102956015,15,758
41501,4150102956016,16,789
41502,4150202972001,1,716
41502,4150202972002,2,878
41502,4150202972003,3,600
41502,4150202972004,4,529
41502,4150202972005,5,334
41502,4150202972006,6,319
41502,4150202972007,7,333
41502,4150202972008,8,611
41502,4150202972009,9,134
41502,4150202972010,10,376
41503,4150302982001,1,995
41503,4150302982002,2,427
41503,4150302982003,3,396
41503,4150302985001,1,878
41503,4150302985002,2,456
41503,4150302985003,3,394
41503,4150302985004,4,359
41503,4150302985005,5,186
41503,4150302985006,6,404
41503,4150302985007,7,534
41503,4150302985008,8,94
50101,5010102993001,1,261
50101,5010102993002,2,573
50101,5010102993003,3,110
50101,5010102993004,4,201
50101,5010102993005,5,854
50101,5010102993006,6,108
50101,5010102993007,7,195
50101,5010102993008,8,808
50101,5010102993009,9,339
50101,5010102993010,10,381
50101,5010102993011,11,64
50101,5010103004001,1,746
50101,5010103004002,2,844
50101,5010103004003,3,998
50101,5010103004004,4,672
50101,5010103008001,1,699
50101,5010103008002,2,268
50102,5010203010001,1,734
50102,5010203010002,2,168
50102,5010203010003,3,20
50102,5010203010004,4,23
50102,5010203010005,5,135
50102,5010203010006,6,355
50102,5010203010007,7,124
50102,5010203010008,8,196
50102,5010203010009,9,813
50102,5010203010010,10,443
50102,5010203010011,11,312
50102,5010203010012,12,830
50102,5010203010013,13,384
50102,5010203010014,14,223
50102,5010203010015,15,5
50102,5010203010016,16,588
50102,5010203010017,17,30
50102,5010203010018,18,332
50102,5010203010019,19,249
50102,5010203029001,1,674
50102,5010203029002,2,868
50102,5010203029003,3,958
50102,5010203029004,4,806
50102,5010203029005,5,952
50102,5010203029006,6,681
50102,5010203029007,7,55
50102,5010203029008,8,105
50102,5010203029009,9,809
50102,5010203029010,10,174
50102,5010203029011,11,732
50102,5010203029012,12,45
50102,5010203029013,13,930
50103,5010303042001,1,418
50103,5010303042002,2,835
50103,5010303042003,3,237
50103,5010303042004,4,214
50103,5010303042005,5,648
50103,5010303042006,6,186
50103,5010303042007,7,423
50103,5010303042008,8,952
50103,5010303042009,9,29
50104,5010403051001,1,401
50104,5010403051002,2,835
50104,5010403051003,3,146
50201,5020103054001,1,738
50201,5020103054002,2,518
50201,5020103054003,3,743
50201,5020103054004,4,679
50201,5020103054005,5,198
50201,5020103054006,6,446
50201,5020103054007,7,755
50201,5020103054008,8,395
50201,5020103054009,9,123
50201,5020103054010,10,989
50201,5020103064001,1,413
50201,5020103064002,2,70
50201,5020103064003,3,890
50201,5020103064004,4,819
50201,5020103064005,5,500
50201,5020103064006,6,171
50201,5020103064007,7,299
50201,5020103064008,8,424
50201,5020103064009,9,291
50201,5020103064010,10,395
50201,5020103064011,11,66
50201,5020103064012,12,783
50201,5020103064013,13,379
50201,5020103064014,14,258
50201,5020103064015,15,752
50201,5020103064016,16,166
50202,5020203080001,1,331
50202,5020203080002,2,853
50202,5020203080003,3,130
50202,5020203080004,4,227
50202,5020203080005,5,952
50202,5020203080006,6,609
50202,5020203080007,7,60
50202,5020203087001,1,963
50202,5020203087002,2,667
50202,5020203087003,3,609
50202,5020203087004,4,275
50202,5020203087005,5,550
50202,5020203087006,6,798
50202,5020203087007,7,912
50202,5020203087008,8,978
50202,5020203087009,9,77
50202,5020203087010,10,373
50202,5020203097001,1,579
50202,5020203097002,2,456
50202,5020203097003,3,877
50202,5020203097004,4,716
50202,5020203097005,5,417
50202,5020203097006,6,131
50202,5020203097007,7,456
50203,5020303104001,1,807
50203,5020303104002,2,592
50203,5020303104003,3,359
50203,5020303104004,4,871
50203,5020303104005,5,661
50204,5020403109001,1,889
50204,5020403109002,2,848
50204,5020403111001,1,790
50204,5020403111002,2,420
50204,5020403111003,3,293
50204,5020403111004,4,179
50204,5020403111005,5,744
50204,5020403111006,6,244
50204,5020403111007,7,548
50204,5020403111008,8,940
50204,5020403111009,9,831
50204,5020403111010,10,263
50204,5020403111011,11,528
50204,5020403111012,12,925
50204,5020403111013,13,479
50204,5020403111014,14,723
50204,5020403111015,15,135
50204,5020403111016,16,250
50204,5020403127001,1,434
50204,5020403127002,2,399
50204,5020403127003,3,287
50204,5020403127004,4,349
50204,5020403127005,5,498
50204,5020403127006,6,419
50204,5020403127007,7,385
50204,5020403127008,8,124
50204,5020403127009,9,550
50204,5020403127010,10,278
50204,5020403127011,11,467
50301,5030103138001,1,767
50301,5030103138002,2,965
50301,5030103140001,1,586
50301,5030103140002,2,440
50301,5030103140003,3,771
50301,5030103140004,4,549
50301,5030103140005,5,598
50301,5030103140006,6,871
50301,5030103140007,7,750
50301,5030103140008,8,355
50301,5030103140009,9,334
50301,5030103140010,10,384
50301,5030103140011,11,633
50301,5030103140012,12,684
50301,5030103140013,13,127
50301,5030103140014,14,368
50301,5030103140015,15,568
50301,5030103140016,16,759
50301,5030103140017,17,282
50301,5030103140018,18,542
50301,5030103140019,19,873
50301,5030103159001,1,202
50301,5030103159002,2,440
50301,5030103159003,3,818
50301,5030103159004,4,432
50301,5030103159005,5,19
50301,5030103159006,6,556
50301,5030103159007,7,925
50301,5030103159008,8,140
50301,5030103159009,9,689
50301,5030103159010,10,507
50301,5030103159011,11,777
50303,5030303170001,1,97
50303,5030303170002,2,487
50303,5030303170003,3,126
50303,5030303170004,4,524
50303,5030303170005,5,553
50303,5030303170006,6,33
50303,5030303170007,7,511
50303,5030303170008,8,681
50303,5030303170009,9,316
50303,5030303170010,10,329
50303,5030303170011,11,350
50303,5030303170012,12,278
50303,5030303170013,13,747
50303,5030303170014,14,128
50303,5030303170015,15,144
50303,5030303170016,16,523
50401,5040103186001,1,302
50401,5040103186002,2,747
50401,5040103186003,3,178
50401,5040103186004,4,752
50401,5040103186005,5,71
50401,5040103186006,6,594
50401,5040103192001,1,424
50401,5040103193001,1,147
50401,5040103194001,1,446
50401,5040103194002,2,218
50401,5040103194003,3,765
50401,5040103194004,4,848
50401,5040103194005,5,722
50401,5040103194006,6,750
50401,5040103194007,7,292
50401,5040103194008,8,590
50401,5040103194009,9,681
50402,5040203203001,1,672
50402,5040203203002,2,205
50402,5040203203003,3,127
50402,5040203203004,4,368
50402,5040203203005,5,497
50403,5040303208001,1,364
50403,5040303208002,2,850
50403,5040303208003,3,71
50403,5040303208004,4,778
50403,5040303208005,5,774
50403,5040303208006,6,597
50403,5040303208007,7,413
50403,5040303208008,8,691
50403,5040303208009,9,644
50403,5040303208010,10,807
50403,5040303208011,11,925
50403,5040303208012,12,846
50403,5040303208013,13,73
50403,5040303221001,1,405
50403,5040303221002,2,732
50403,5040303221003,3,598
50403,5040303221004,4,724
50403,5040303221005,5,789
50403,5040303221006,6,690
50403,5040303221007,7,955
50403,5040303221008,8,350
50403,5040303221009,9,911
50403,5040303221010,10,117
50403,5040303221011,11,137
50404,5040403232001,1,336
50404,5040403232002,2,574
50404,5040403232003,3,349
50404,5040403232004,4,907
50404,5040403232005,5,409
50404,5040403232006,6,566
50404,5040403232007,7,245
50404,5040403232008,8,166
50404,5040403232009,9,774
50404,5040403232010,10,626
50404,5040403232011,11,16
50404,5040403232012,12,912
50404,5040403232013,13,143
50404,5040403232014,14,555
50404,5040403232015,15,791
50404,5040403247001,1,940
50404,5040403247002,2,251
50404,5040403247003,3,513
50404,5040403247004,4,218
50404,5040403247005,5,323
50404,5040403247006,6,486
50404,5040403247007,7,473
50404,5040403247008,8,152
50404,5040403247009,9,626
50404,5040403247010,10,662
50404,5040403247011,11,275
50404,5040403247012,12,153
50404,5040403247013,13,578
50405,5040503260001,1,817
50405,5040503260002,2,778
50405,5040503260003,3,476
50405,5040503263001,1,774
50405,5040503263002,2,595
50405,5040503263003,3,449
50405,5040503263004,4,123
50405,5040503263005,5,661
50405,5040503263006,6,155
50405,5040503263007,7,768
50405,5040503263008,8,96
50405,5040503263009,9,391
50405,5040503263010,10,390
50405,5040503263011,11,743
50405,5040503263012,12,382
50405,5040503263013,13,332
50405,5040503263014,14,264
50405,5040503263015,15,608
50405,5040503263016,16,286
50405,5040503263017,17,418
50405,5040503263018,18,77
50405,5040503263019,19,47
50405,5040503263020,20,541
50405,5040503283001,1,529
50405,5040503283002,2,485
50405,5040503283003,3,889
50405,5040503283004,4,877
50405,5040503283005,5,649
50405,5040503283006,6,273
50405,5040503283007,7,30
50405,5040503283008,8,159
50405,5040503283009,9,334
50405,5040503283010,10,562
50405,5040503283011,11,617
50405,5040503283012,12,922
50405,5040503283013,13,220
50405,5040503283014,14,784
50502,5050203297001,1,649
50502,5050203297002,2,502
50502,5050203297003,3,214
50502,5050203297004,4,620
50502,5050203297005,5,921
50502,5050203297006,6,620
50502,5050203297007,7,948
50502,5050203297008,8,225
50502,5050203297009,9,423
50502,5050203297010,10,826
50502,5050203297011,11,414
50502,5050203297012,12,386
50502,5050203297013,13,823
50502,5050203297014,14,870
50502,5050203297015,15,72
50502,5050203297016,16,714
50502,5050203297017,17,946
50502,5050203314001,1,395
50502,5050203314002,2,634
50502,5050203314003,3,90
50502,5050203314004,4,390
50502,5050203314005,5,498
50502,5050203314006,6,426
50502,5050203314007,7,963
50502,5050203314008,8,945
50502,5050203314009,9,988
50502,5050203314010,10,375
50502,5050203314011,11,17
50502,5050203314012,12,299
50502,5050203314013,13,355
50502,5050203314014,14,534
50502,5050203314015,15,347
50702,5070203329001,1,613
50702,5070203329002,2,316
50702,5070203329003,3,969
50702,5070203329004,4,612
50702,5070203329005,5,865
50702,5070203329006,6,156
50702,5070203329007,7,436
50702,5070203329008,8,870
50702,5070203329009,9,232
50702,5070203329010,10,400
50702,5070203329011,11,513
50702,5070203329012,12,913
50702,5070203329013,13,554
50702,5070203329014,14,491
50702,5070203329015,15,718
50702,5070203329016,16,575
50702,5070203345001,1,299
50702,5070203345002,2,701
50702,5070203345003,3,211
50801,5080103348001,1,602
50801,5080103348002,2,51
50801,5080103348003,3,737
50801,5080103348004,4,386
50801,5080103348005,5,215
50801,5080103348006,6,854
50801,5080103348007,7,654
50801,5080103348008,8,954
50801,5080103348009,9,986
50801,5080103348010,10,524
50801,5080103348011,11,179
50801,5080103348012,12,836
50801,5080103348013,13,727
50801,5080103348014,14,780
50801,5080103348015,15,106
50801,5080103348016,16,175
50801,5080103348017,17,564
50801,5080103348018,18,522
50802,5080203366001,1,20
50802,5080203366002,2,785
50802,5080203366003,3,952
50802,5080203366004,4,203
50802,5080203366005,5,956
50802,5080203366006,6,92
50802,5080203366007,7,936
50802,5080203366008,8,735
50802,5080203366009,9,712
50802,5080203366010,10,54
50802,5080203366011,11,407
50802,5080203366012,12,678
50802,5080203366013,13,35
50802,5080203366014,14,210
50802,5080203366015,15,393
50802,5080203366016,16,370
50802,5080203366017,17,12
50901,5090103383001,1,87
50901,5090103383002,2,864
50901,5090103383003,3,695
50901,5090103383004,4,328
50901,5090103383005,5,243
50901,5090103383006,6,768
50901,5090103383007,7,290
50901,5090103383008,8,604
50901,5090103391001,1,535
50901,5090103391002,2,914
50901,5090103391003,3,412
50902,5090203394001,1,174
50902,5090203394002,2,581
50902,5090203394003,3,426
50902,5090203394004,4,897
50902,5090203394005,5,227
50902,5090203394006,6,54
50902,5090203394007,7,139
50902,5090203394008,8,777
50902,5090203394009,9,341
50902,5090203394010,10,397
50902,5090203394011,11,397
50902,5090203394012,12,965
50902,5090203394013,13,167
50902,5090203394014,14,765
50902,5090203394015,15,230
50902,5090203394016,16,392
50902,5090203410001,1,128
50902,5090203410002,2,506
50902,5090203410003,3,891
50902,5090203410004,4,545
50902,5090203410005,5,623
50902,5090203410006,6,746
50902,5090203410007,7,126
50902,5090203410008,8,919
50902,5090203410009,9,967
50902,5090203410010,10,207
50902,5090203410011,11,690
50902,5090203410012,12,291
50902,5090203410013,13,953
50902,5090203410014,14,393
50902,5090203410015,15,864
51001,5100103425001,1,447
51001,5100103425002,2,228
51001,5100103425003,3,962
51001,5100103425004,4,195
51001,5100103425005,5,247
51001,5100103425006,6,456
51001,5100103425007,7,385
51001,5100103425008,8,101
51001,5100103425009,9,217
51001,5100103425010,10,134
51001,5100103425011,11,712
51001,5100103425012,12,287
51001,5100103425013,13,19
51101,5110103438001,1,819
51101,5110103438002,2,349
51101,5110103438003,3,690
51101,5110103438004,4,18
51101,5110103438005,5,31
51101,5110103438006,6,308
51101,5110103438007,7,408
51101,5110103438008,8,90
51101,5110103438009,9,489
51101,5110103438010,10,959
51101,5110103438011,11,187
51101,5110103438012,12,107
51101,5110103438013,13,161
51101,5110103438014,14,411
51101,5110103438015,15,832
51101,5110103438016,16,883
51101,5110103438017,17,112
51101,5110103438018,18,178
51101,5110103438019,19,342
51101,5110103438020,20,648
51102,5110203458001,1,694
51102,5110203458002,2,185
51102,5110203458003,3,191
51102,5110203458004,4,940
51102,5110203458005,5,239
51102,5110203458006,6,619
51102,5110203458007,7,700
51102,5110203458008,8,463
51102,5110203458009,9,321
51102,5110203458010,10,90
51102,5110203458011,11,211
51102,5110203458012,12,76
51102,5110203458013,13,366
51102,5110203471001,1,65
51102,5110203471002,2,648
51102,5110203471003,3,499
51102,5110203471004,4,180
51102,5110203471005,5,720
51103,5110303476001,1,639
51103,5110303476002,2,748
51103,5110303476003,3,8
51103,5110303476004,4,674
51103,5110303476005,5,893
51103,5110303476006,6,374
51103,5110303476007,7,288
51103,5110303476008,8,770
51103,5110303476009,9,718
51103,5110303476010,10,109
51103,5110303476011,11,349
51103,5110303476012,12,428
51103,5110303476013,13,237
51103,5110303476014,14,398
51103,5110303476015,15,78
51103,5110303476016,16,216
51103,5110303476017,17,614
51103,5110303476018,18,542
51103,5110303494001,1,868
51103,5110303494002,2,822
51103,5110303494003,3,683
51103,5110303494004,4,351
51103,5110303494005,5,616
51103,5110303494006,6,56
51103,5110303494007,7,95
51103,5110303494008,8,55
51103,5110303494009,9,324
51103,5110303494010,10,824
51103,5110303494011,11,38
51103,5110303494012,12,966
51103,5110303494013,13,108
51103,5110303494014,14,635
51201,5120103508001,1,499
51201,5120103508002,2,317
51201,5120103508003,3,581
51201,5120103508004,4,943
51201,5120103508005,5,664
51201,5120103508006,6,434
51201,5120103508007,7,659
51201,5120103508008,8,534
51201,5120103508009,9,304
51201,5120103508010,10,545
51201,5120103508011,11,798
51201,5120103508012,12,891
51201,5120103508013,13,655
51201,5120103508014,14,606
51202,5120203522001,1,300
51202,5120203522002,2,799
51202,5120203522003,3,563
51202,5120203522004,4,653
51202,5120203522005,5,652
51202,5120203522006,6,125
51202,5120203522007,7,598
51202,5120203522008,8,454
51202,5120203522009,9,338
51202,5120203522010,10,993
51202,5120203522011,11,362
51202,5120203522012,12,813
51202,5120203522013,13,675
51202,5120203522014,14,949
51202,5120203536001,1,853
51203,5120303537001,1,678
51203,5120303537002,2,867
51203,5120303537003,3,2
51203,5120303537004,4,591
51203,5120303537005,5,630
51203,5120303542001,1,306
51203,5120303542002,2,903
51203,5120303542003,3,755
51203,5120303542004,4,778
51203,5120303542005,5,836
51203,5120303542006,6,396
51203,5120303542007,7,529
51203,5120303542008,8,769
51203,5120303542009,9,897
51203,5120303542010,10,891
51203,5120303542011,11,837
51203,5120303542012,12,916
51203,5120303542013,13,75
51203,5120303542014,14,261
51203,5120303542015,15,93
51301,5130103557001,1,267
51301,5130103557002,2,421
51301,5130103557003,3,777
51301,5130103557004,4,681
51301,5130103557005,5,472
51301,5130103557006,6,97
51301,5130103557007,7,517
51301,5130103557008,8,706
51301,5130103557009,9,787
51301,5130103557010,10,247
51301,5130103557011,11,655
51301,5130103557012,12,966
51301,5130103557013,13,820
51301,5130103570001,1,809
51301,5130103570002,2,142
51301,5130103570003,3,115
51302,5130203573001,1,455
51302,5130203573002,2,936
51302,5130203573003,3,554
51302,5130203573004,4,32
51302,5130203573005,5,300
51302,5130203573006,6,217
51302,5130203573007,7,23
51302,5130203573008,8,159
51302,5130203573009,9,721
51302,5130203573010,10,903
51302,5130203583001,1,207
51302,5130203583002,2,784
51302,5130203583003,3,690
51302,5130203583004,4,251
51302,5130203583005,5,48
51302,5130203583006,6,748
51302,5130203583007,7,651
51302,5130203583008,8,543
51302,5130203583009,9,103
51302,5130203583010,10,362
51302,5130203583011,11,86
51302,5130203583012,12,2
51302,5130203583013,13,65
51302,5130203583014,14,847
51401,5140103597001,1,13
51401,5140103597002,2,679
51401,5140103597003,3,591
51401,5140103597004,4,854
51401,5140103597005,5,733
51501,5150103602001,1,765
51501,5150103603001,1,392
51501,5150103603002,2,530
51501,5150103603003,3,516
51501,5150103603004,4,458
51601,5160103607001,1,403
51601,5160103607002,2,995
51601,5160103607003,3,85
51601,5160103607004,4,573
51601,5160103607005,5,778
51601,5160103612001,1,269
51601,5160103612002,2,678
51601,5160103612003,3,737
51601,5160103612004,4,408
51601,5160103612005,5,874
51601,5160103612006,6,939
51601,5160103618001,1,116
51601,5160103618002,2,614
51601,5160103618003,3,863
51601,5160103618004,4,484
51601,5160103618005,5,695
51601,5160103618006,6,639
51601,5160103618007,7,165
51601,5160103618008,8,38
51601,5160103618009,9,787
51601,5160103618010,10,454
51601,5160103618011,11,975
51601,5160103618012,12,35
51601,5160103618013,13,554
51601,5160103618014,14,916
51601,5160103618015,15,441
51601,5160103618016,16,62
51601,5160103618017,17,450
51601,5160103618018,18,285
51601,5160103618019,19,733
51601,5160103618020,20,791
60201,6020103638001,1,134
60201,6020103638002,2,754
60201,6020103638003,3,859
60201,6020103638004,4,303
60201,6020103638005,5,969
60201,6020103638006,6,507
60201,6020103638007,7,1
60201,6020103638008,8,63
60201,6020103638009,9,24
60201,6020103638010,10,670
60201,6020103648001,1,107
60201,6020103648002,2,936
60201,6020103648003,3,121
60201,6020103648004,4,198
60201,6020103648005,5,226
60201,6020103648006,6,825
60301,6030103654001,1,657
60301,6030103654002,2,38
60301,6030103654003,3,760
60301,6030103654004,4,911
60301,6030103654005,5,275
60301,6030103654006,6,334
60301,6030103654007,7,260
60301,6030103654008,8,723
60301,6030103654009,9,912
60301,6030103654010,10,73
60301,6030103654011,11,323
60301,6030103665001,1,559
60301,6030103665002,2,380
60301,6030103665003,3,727
60301,6030103665004,4,129
60301,6030103665005,5,163
60301,6030103665006,6,589
60301,6030103665007,7,168
60301,6030103665008,8,367
60301,6030103665009,9,515
60301,6030103665010,10,667
60301,6030103665011,11,761
60301,6030103665012,12,232
60301,6030103665013,13,348
60301,6030103665014,14,537
60301,6030103665015,15,619
60301,6030103665016,16,10
60301,6030103665017,17,984
60301,6030103665018,18,30
60301,6030103683001,1,719
60301,6030103683002,2,809
60301,6030103683003,3,157
60301,6030103683004,4,795
60301,6030103683005,5,323
60301,6030103683006,6,424
60301,6030103683007,7,499
60301,6030103683008,8,877
60301,6030103683009,9,708
60301,6030103683010,10,787
60301,6030103683011,11,691
60301,6030103683012,12,841
60301,6030103683013,13,181
60302,6030203696001,1,823
60302,6030203696002,2,213
60302,6030203696003,3,342
60302,6030203696004,4,903
60302,6030203696005,5,810
60302,6030203696006,6,158
60302,6030203696007,7,652
60302,6030203696008,8,444
60302,6030203696009,9,466
60302,6030203696010,10,276
60302,6030203696011,11,824
60302,6030203696012,12,961
60302,6030203696013,13,177
60302,6030203696014,14,171
60302,6030203696015,15,427
60302,6030203696016,16,724
60302,6030203696017,17,49
60302,6030203696018,18,312
60302,6030203696019,19,165
60302,6030203715001,1,582
60302,6030203715002,2,798
60302,6030203717001,1,74
60302,6030203717002,2,67
60302,6030203717003,3,76
60302,6030203717004,4,129
60302,6030203717005,5,438
60302,6030203717006,6,811
60302,6030203717007,7,943
60302,6030203717008,8,84
60302,6030203717009,9,361
60302,6030203717010,10,176
60302,6030203717011,11,925
60302,6030203717012,12,378
60302,6030203717013,13,968
60302,6030203717014,14,374
60302,6030203717015,15,65
60302,6030203717016,16,582
60302,6030203717017,17,410
60302,6030203717018,18,382
60302,6030203717019,19,696
60302,6030203717020,20,861
60303,6030303737001,1,650
60303,6030303737002,2,388
60303,6030303737003,3,9
60303,6030303737004,4,992
60303,6030303737005,5,964
60303,6030303737006,6,736
60303,6030303737007,7,177
60303,6030303737008,8,269
60303,6030303737009,9,342
60303,6030303737010,10,355
60303,6030303737011,11,100
60303,6030303737012,12,457
60303,6030303737013,13,853
60303,6030303737014,14,154
60303,6030303737015,15,828
60303,6030303737016,16,421
60303,6030303737017,17,624
60303,6030303737018,18,145
60303,6030303737019,19,391
60303,6030303756001,1,807
60303,6030303756002,2,562
60303,6030303756003,3,19
60303,6030303756004,4,768
60303,6030303756005,5,359
60303,6030303756006,6,241
60303,6030303756007,7,846
60303,6030303756008,8,188
60303,6030303756009,9,469
60303,6030303756010,10,251
60303,6030303756011,11,834
60303,6030303756012,12,111
60303,6030303756013,13,594
60303,6030303756014,14,282
60303,6030303756015,15,753
60303,6030303756016,16,758
60303,6030303756017,17,604
60303,6030303756018,18,791
60303,6030303756019,19,488
60402,6040203775001,1,287
60501,6050103776001,1,879
60501,6050103776002,2,254
60501,6050103776003,3,501
60501,6050103776004,4,38
60501,6050103776005,5,437
60501,6050103776006,6,259
60501,6050103776007,7,727
60501,6050103776008,8,891
60501,6050103776009,9,437
60502,6050203785001,1,821
60502,6050203785002,2,265
60502,6050203785003,3,640
60502,6050203785004,4,281
60502,6050203785005,5,557
60502,6050203785006,6,581
60502,6050203785007,7,568
60502,6050203785008,8,56
60502,6050203785009,9,538
60502,6050203785010,10,556
60502,6050203785011,11,468
60502,6050203785012,12,30
60601,6060103797001,1,373
60601,6060103797002,2,231
60601,6060103797003,3,226
60601,6060103797004,4,314
60601,6060103797005,5,8
60601,6060103797006,6,726
60601,6060103797007,7,627
70101,7010103804001,1,663
70101,7010103804002,2,846
70101,7010103804003,3,554
70101,7010103804004,4,641
70101,7010103804005,5,404
70101,7010103804006,6,911
70101,7010103804007,7,665
70101,7010103804008,8,50
70101,7010103804009,9,120
70101,7010103804010,10,591
70101,7010103804011,11,933
70101,7010103804012,12,57
70101,7010103804013,13,698
70101,7010103817001,1,633
70101,7010103817002,2,582
70101,7010103817003,3,262
70101,7010103817004,4,268
70101,7010103817005,5,278
70101,7010103817006,6,41
70101,7010103817007,7,775
70101,7010103817008,8,651
70101,7010103817009,9,496
70101,7010103817010,10,763
70101,7010103817011,11,86
70101,7010103817012,12,780
70101,7010103817013,13,171
70101,7010103817014,14,628
70101,7010103817015,15,323
70101,7010103817016,16,199
70101,7010103817017,17,30
70101,7010103817018,18,943
70101,7010103817019,19,206
70101,7010103817020,20,523
70102,7010203837001,1,929
70102,7010203837002,2,86
70102,7010203837003,3,256
70102,7010203837004,4,259
70102,7010203841001,1,178
70102,7010203841002,2,930
70102,7010203841003,3,708
70102,7010203841004,4,432
70102,7010203841005,5,823
70102,7010203841006,6,36
70103,7010303847001,1,195
70103,7010303847002,2,719
70103,7010303847003,3,627
70103,7010303847004,4,198
70103,7010303847005,5,751
70103,7010303847006,6,53
70103,7010303847007,7,210
70103,7010303847008,8,673
70103,7010303847009,9,110
70103,7010303847010,10,220
70103,7010303847011,11,788
70103,7010303847012,12,815
70103,7010303847013,13,287
70104,7010403860001,1,672
70104,7010403860002,2,442
70104,7010403860003,3,485
70104,7010403860004,4,91
70104,7010403860005,5,951
70104,7010403865001,1,219
70104,7010403865002,2,725
70104,7010403865003,3,353
70104,7010403865004,4,41
70104,7010403865005,5,326
70104,7010403865006,6,213
70104,7010403865007,7,530
70104,7010403865008,8,247
70104,7010403873001,1,913
70104,7010403873002,2,933
70104,7010403873003,3,110
70104,7010403873004,4,739
70104,7010403873005,5,954
70104,7010403873006,6,241
70104,7010403873007,7,613
70202,7020203880001,1,839
70202,7020203880002,2,261
70202,7020203880003,3,837
70202,7020203880004,4,507
70202,7020203880005,5,248
70202,7020203880006,6,559
70202,7020203880007,7,893
70202,7020203880008,8,457
70202,7020203880009,9,852
70202,7020203880010,10,294
70202,7020203880011,11,469
70202,7020203880012,12,377
70202,7020203880013,13,522
70202,7020203880014,14,744
70202,7020203880015,15,991
70302,7030203895001,1,87
70302,7030203895002,2,498
70302,7030203895003,3,633
70302,7030203895004,4,64
70302,7030203895005,5,527
70302,7030203895006,6,500
70302,7030203895007,7,955
70302,7030203895008,8,696
70302,7030203895009,9,162
70302,7030203895010,10,654
70302,7030203895011,11,344
70302,7030203895012,12,426
70302,7030203895013,13,834
70302,7030203895014,14,203
70302,7030203895015,15,323
70302,7030203895016,16,581
70302,7030203895017,17,294
70302,7030203895018,18,800
70302,7030203913001,1,479
70302,7030203913002,2,1
70302,7030203913003,3,741
70302,7030203913004,4,409
70302,7030203913005,5,293
70302,7030203913006,6,873
70302,7030203913007,7,986
70302,7030203913008,8,910
70302,7030203913009,9,987
70302,7030203913010,10,573
70302,7030203913011,11,600
70302,7030203913012,12,317
70302,7030203913013,13,250
70302,7030203926001,1,646
70302,7030203926002,2,209
70302,7030203926003,3,302
70302,7030203926004,4,397
70302,7030203926005,5,616
70302,7030203926006,6,362
70303,7030303932001,1,167
70303,7030303932002,2,292
70303,7030303932003,3,279
70303,7030303932004,4,632
70303,7030303932005,5,954
70303,7030303932006,6,795
70303,7030303932007,7,182
70303,7030303932008,8,844
70303,7030303932009,9,968
70303,7030303932010,10,211
70303,7030303932011,11,117
70303,7030303943001,1,220
70303,7030303943002,2,35
70303,7030303943003,3,385
70303,7030303943004,4,243
70303,7030303943005,5,143
70303,7030303943006,6,42
70303,7030303943007,7,563
70303,7030303943008,8,179
70303,7030303943009,9,13
70303,7030303943010,10,576
70303,7030303943011,11,20
70303,7030303943012,12,291
70303,7030303943013,13,803
70303,7030303943014,14,494
70303,7030303943015,15,265
70303,7030303943016,16,732
70401,7040103959001,1,457
70401,7040103959002,2,571
70401,7040103959003,3,458
70401,7040103959004,4,129
70401,7040103959005,5,8
70401,7040103959006,6,324
70401,7040103959007,7,583
70401,7040103959008,8,637
70401,7040103959009,9,71
70402,7040203968001,1,566
70402,7040203968002,2,832
70402,7040203968003,3,889
70402,7040203968004,4,619
70402,7040203968005,5,433
70402,7040203968006,6,844
70402,7040203968007,7,935
70402,7040203968008,8,459
70402,7040203976001,1,626
70402,7040203976002,2,505
70402,7040203976003,3,132
70402,7040203976004,4,269
70402,7040203976005,5,151
70402,7040203976006,6,786
70402,7040203976007,7,492
70402,7040203976008,8,692
70402,7040203976009,9,971
70402,7040203976010,10,178
70402,7040203976011,11,222
70402,7040203976012,12,885
70402,7040203976013,13,838
70402,7040203976014,14,102
70402,7040203976015,15,358
70402,7040203976016,16,948
70402,7040203976017,17,538
70402,7040203976018,18,949
70402,7040203976019,19,980
70402,7040203976020,20,374
70402,7040203996001,1,298
70402,7040203996002,2,895
70402,7040203996003,3,215
70402,7040203996004,4,304
70402,7040203996005,5,358
70402,7040203996006,6,733
70402,7040203996007,7,158
70402,7040203996008,8,660
70402,7040203996009,9,420
70402,7040203996010,10,24
70402,7040203996011,11,678
70402,7040203996012,12,607
70402,7040203996013,13,378
70402,7040203996014,14,228
70402,7040203996015,15,563
70402,7040203996016,16,99
70402,7040203996017,17,167
70402,7040203996018,18,738
70402,7040203996019,19,419
70402,7040204015001,1,731
70402,7040204015002,2,166
70402,7040204015003,3,318
70402,7040204015004,4,502
70402,7040204015005,5,188
70402,7040204015006,6,922
70402,7040204015007,7,682
70402,7040204015008,8,286
70402,7040204015009,9,930
70402,7040204015010,10,71
70402,7040204015011,11,903
70402,7040204015012,12,71
70402,7040204015013,13,342
70402,7040204015014,14,21
70404,7040404029001,1,714
70404,7040404029002,2,56
70404,7040404029003,3,674
70404,7040404029004,4,49
70404,7040404029005,5,257
70404,7040404029006,6,422
70404,7040404029007,7,283
70404,7040404029008,8,688
70404,7040404029009,9,392
70404,7040404029010,10,217
70404,7040404029011,11,433
70404,7040404029012,12,823
70404,7040404029013,13,297
70404,7040404029014,14,217
70404,7040404029015,15,489
70404,7040404029016,16,580
70404,7040404029017,17,894
70404,7040404046001,1,197
70404,7040404046002,2,534
70404,7040404046003,3,598
70404,7040404046004,4,313
70404,7040404046005,5,524
70404,7040404046006,6,305
70404,7040404046007,7,931
70404,7040404046008,8,528
70404,7040404046009,9,372
70404,7040404046010,10,331
70404,7040404046011,11,82
70404,7040404046012,12,114
70404,7040404046013,13,351
70404,7040404046014,14,159
70404,7040404046015,15,159
70404,7040404046016,16,511
70404,7040404046017,17,880
70404,7040404046018,18,852
70404,7040404064001,1,790
70404,7040404064002,2,330
70404,7040404064003,3,744
70404,7040404064004,4,450
70404,7040404068001,1,529
70404,7040404068002,2,560
70404,7040404068003,3,707
70404,7040404068004,4,291
70404,7040404068005,5,976
70404,7040404068006,6,140
70404,7040404068007,7,216
70404,7040404068008,8,316
70404,7040404068009,9,37
70404,7040404068010,10,703
70404,7040404068011,11,685
70404,7040404068012,12,206
70404,7040404068013,13,920
70404,7040404068014,14,337
70404,7040404068015,15,758
70404,7040404068016,16,906
70501,7050104084001,1,278
70501,7050104084002,2,255
70501,7050104084003,3,156
70501,7050104084004,4,12
70501,7050104084005,5,5
70501,7050104084006,6,737
70501,7050104084007,7,343
70501,7050104084008,8,983
70501,7050104092001,1,669
70501,7050104092002,2,933
70501,7050104092003,3,257
70501,7050104092004,4,609
70501,7050104092005,5,260
70501,7050104092006,6,492
70501,7050104092007,7,194
70501,7050104092008,8,34
70501,7050104092009,9,522
70501,7050104092010,10,697
70501,7050104092011,11,603
70501,7050104092012,12,772
70501,7050104092013,13,185
70501,7050104092014,14,94
70501,7050104092015,15,898
70501,7050104092016,16,368
70501,7050104092017,17,398
70501,7050104092018,18,31
70501,7050104092019,19,265
70501,7050104092020,20,722
70501,7050104112001,1,598
70501,7050104112002,2,958
70501,7050104112003,3,227
70501,7050104112004,4,816
70501,7050104112005,5,125
70501,7050104112006,6,228
70501,7050104112007,7,19
70501,7050104112008,8,409
70501,7050104120001,1,161
70501,7050104120002,2,420
70501,7050104120003,3,492
70502,7050204123001,1,983
70502,7050204123002,2,586
70502,7050204123003,3,486
70502,7050204123004,4,940
70502,7050204123005,5,574
70502,7050204123006,6,800
70502,7050204123007,7,603
70502,7050204123008,8,84
70502,7050204123009,9,854
70503,7050304132001,1,943
70503,7050304132002,2,413
70503,7050304132003,3,139
70503,7050304132004,4,653
70503,7050304132005,5,374
70503,7050304132006,6,178
70503,7050304132007,7,714
70503,7050304132008,8,949
70503,7050304132009,9,869
70503,7050304132010,10,228
70503,7050304132011,11,574
70503,7050304132012,12,580
70503,7050304132013,13,53
70503,7050304132014,14,736
70503,7050304132015,15,192
70503,7050304132016,16,797
70503,7050304132017,17,746
70503,7050304132018,18,114
70503,7050304132019,19,338
70503,7050304132020,20,186
70601,7060104152001,1,541
70601,7060104152002,2,993
70601,7060104152003,3,150
70601,7060104152004,4,712
70601,7060104152005,5,197
70601,7060104152006,6,22
70601,7060104152007,7,564
70601,7060104152008,8,86
70601,7060104152009,9,290
70601,7060104152010,10,700
70601,7060104152011,11,139
70601,7060104163001,1,699
70601,7060104163002,2,288
70601,7060104163003,3,759
70601,7060104163004,4,687
70601,7060104163005,5,151
70601,7060104163006,6,654
70601,7060104163007,7,261
70601,7060104163008,8,590
70601,7060104163009,9,148
70601,7060104172001,1,758
70601,7060104172002,2,926
70601,7060104172003,3,19
70601,7060104172004,4,461
70601,7060104172005,5,643
70601,7060104172006,6,403
70601,7060104172007,7,456
70601,7060104172008,8,875
70601,7060104172009,9,699
70601,7060104172010,10,715
70601,7060104172011,11,436
70601,7060104172012,12,276
70601,7060104172013,13,304
70601,7060104172014,14,432
70601,7060104172015,15,146
70601,7060104172016,16,745
70601,7060104172017,17,367
70602,7060204189001,1,683
70602,7060204189002,2,28
70602,7060204189003,3,271
70602,7060204189004,4,643
70602,7060204189005,5,838
70602,7060204189006,6,940
70602,7060204189007,7,74
70602,7060204189008,8,921
70602,7060204189009,9,432
70602,7060204189010,10,424
70602,7060204189011,11,221
70602,7060204189012,12,522
70602,7060204189013,13,105
70602,7060204189014,14,730
70602,7060204189015,15,705
70602,7060204189016,16,516
70602,7060204189017,17,781
70603,7060304206001,1,770
70603,7060304206002,2,15
70603,7060304206003,3,211
70603,7060304206004,4,363
70603,7060304206005,5,719
70603,7060304206006,6,989
70603,7060304206007,7,384
70603,7060304206008,8,339
70603,7060304206009,9,984
70603,7060304206010,10,489
70603,7060304206011,11,118
70603,7060304206012,12,673
70603,7060304218001,1,670
70603,7060304218002,2,299
70603,7060304218003,3,493
70603,7060304218004,4,111
70603,7060304218005,5,136
70603,7060304218006,6,163
70603,7060304218007,7,500
70603,7060304218008,8,984
70603,7060304218009,9,830
70603,7060304218010,10,828
70603,7060304218011,11,881
70603,7060304218012,12,435
70603,7060304218013,13,914
70603,7060304218014,14,333
70603,7060304218015,15,762
70603,7060304218016,16,444
70603,7060304218017,17,82
70603,7060304218018,18,520
70603,7060304218019,19,260
70603,7060304237001,1,89
70603,7060304237002,2,621
70603,7060304237003,3,395
70603,7060304237004,4,228
70603,7060304237005,5,726
70701,7070104242001,1,641
70701,7070104242002,2,384
70702,7070204244001,1,294
70702,7070204244002,2,455
70702,7070204244003,3,458
70702,7070204244004,4,480
70702,7070204244005,5,663
70702,7070204244006,6,840
70702,7070204244007,7,350
70702,7070204251001,1,994
70702,7070204251002,2,983
70702,7070204251003,3,446
70702,7070204251004,4,592
70702,7070204251005,5,993
70702,7070204251006,6,661
70702,7070204251007,7,37
70702,7070204251008,8,363
70702,7070204251009,9,538
70702,7070204251010,10,405
70702,7070204251011,11,24
70702,7070204251012,12,448
70703,7070304263001,1,952
70703,7070304263002,2,182
70703,7070304263003,3,941
70703,7070304263004,4,464
70703,7070304263005,5,570
70703,7070304263006,6,861
70703,7070304263007,7,996
70703,7070304263008,8,42
70703,7070304263009,9,622
70703,7070304263010,10,126
70703,7070304263011,11,236
70703,7070304274001,1,123
70703,7070304274002,2,450
70703,7070304274003,3,64
70703,7070304274004,4,325
70703,7070304274005,5,651
70703,7070304274006,6,564
70703,7070304274007,7,682
70703,7070304274008,8,961
70703,7070304274009,9,105
70703,7070304274010,10,721
70703,7070304274011,11,556
70703,7070304274012,12,298
70703,7070304274013,13,518
70703,7070304274014,14,894
70703,7070304274015,15,700
70703,7070304274016,16,651
70703,7070304274017,17,141
70703,7070304291001,1,284
70703,7070304291002,2,516
70703,7070304291003,3,135
70703,7070304291004,4,334
70703,7070304291005,5,198
70703,7070304291006,6,64
70703,7070304291007,7,501
70703,7070304291008,8,863
70703,7070304291009,9,629
70703,7070304291010,10,913
70703,7070304291011,11,874
70703,7070304291012,12,739
70703,7070304291013,13,844
70703,7070304291014,14,973
70703,7070304291015,15,92
70704,7070404306001,1,311
70704,7070404306002,2,334
70704,7070404306003,3,854
70704,7070404306004,4,989
70704,7070404306005,5,560
70704,7070404306006,6,662
70704,7070404306007,7,555
70704,7070404306008,8,659
70704,7070404306009,9,276
70704,7070404306010,10,962
70704,7070404306011,11,503
70704,7070404306012,12,443
70704,7070404306013,13,262
70704,7070404306014,14,296
70704,7070404320001,1,84
70704,7070404320002,2,288
70704,7070404320003,3,477
70704,7070404320004,4,591
70704,7070404320005,5,657
70704,7070404320006,6,846
70704,7070404320007,7,605
70704,7070404320008,8,266
70704,7070404320009,9,663
70704,7070404320010,10,783
70705,7070504330001,1,851
70705,7070504330002,2,175
70705,7070504330003,3,479
70705,7070504330004,4,484
70705,7070504330005,5,41
70705,7070504330006,6,393
70705,7070504330007,7,688
70705,7070504330008,8,659
70705,7070504330009,9,68
70705,7070504330010,10,965
70705,7070504330011,11,992
70705,7070504330012,12,2
70705,7070504330013,13,616
70705,7070504330014,14,498
70705,7070504330015,15,330
70705,7070504330016,16,664
70705,7070504330017,17,861
70705,7070504330018,18,169
70706,7070604348001,1,538
70706,7070604348002,2,376
70706,7070604348003,3,380
70706,7070604348004,4,920
70706,7070604348005,5,739
70706,7070604348006,6,703
70706,7070604348007,7,991
70706,7070604348008,8,777
70706,7070604348009,9,622
70706,7070604348010,10,234
70706,7070604348011,11,353
70706,7070604348012,12,747
70707,7070704360001,1,287
70707,7070704360002,2,423
70707,7070704360003,3,165
70707,7070704360004,4,303
70707,7070704364001,1,326
70801,7080104365001,1,440
70801,7080104365002,2,264
70801,7080104365003,3,627
70801,7080104365004,4,278
70801,7080104365005,5,893
70801,7080104365006,6,213
70801,7080104365007,7,616
70801,7080104365008,8,284
70801,7080104365009,9,636
70801,7080104365010,10,210
70801,7080104365011,11,524
70801,7080104365012,12,33
70801,7080104365013,13,782
70801,7080104365014,14,601
70802,7080204379001,1,588
70802,7080204379002,2,500
70802,7080204379003,3,306
70802,7080204379004,4,812
70802,7080204379005,5,505
70802,7080204379006,6,346
70802,7080204379007,7,912
70802,7080204379008,8,58
70802,7080204379009,9,405
70802,7080204379010,10,392
70802,7080204379011,11,703
70802,7080204379012,12,229
70802,7080204379013,13,740
70802,7080204379014,14,498
70802,7080204379015,15,390
70802,7080204379016,16,781
70802,7080204379017,17,267
70802,7080204379018,18,61
70802,7080204379019,19,538
70802,7080204379020,20,83
70802,7080204399001,1,117
70802,7080204399002,2,352
70802,7080204399003,3,125
70802,7080204399004,4,464
70802,7080204399005,5,348
70802,7080204399006,6,49
70802,7080204399007,7,607
70802,7080204399008,8,106
70802,7080204399009,9,963
70802,7080204399010,10,427
70802,7080204399011,11,712
70802,7080204399012,12,98
70802,7080204399013,13,880
70802,7080204399014,14,936
70802,7080204399015,15,358
70802,7080204399016,16,911
70802,7080204399017,17,852
70802,7080204399018,18,489
70802,7080204399019,19,927
70802,7080204418001,1,169
70802,7080204418002,2,645
70802,7080204418003,3,880
70802,7080204418004,4,657
70802,7080204418005,5,466
70803,7080304423001,1,840
70803,7080304423002,2,195
70803,7080304423003,3,205
70803,7080304423004,4,146
70803,7080304423005,5,461
70803,7080304423006,6,320
70803,7080304423007,7,384
70803,7080304423008,8,851
70804,7080404431001,1,979
70804,7080404431002,2,998
70804,7080404431003,3,494
70804,7080404431004,4,304
70804,7080404431005,5,625
70804,7080404431006,6,765
70804,7080404431007,7,870
70804,7080404431008,8,479
70804,7080404431009,9,473
70804,7080404431010,10,737
70804,7080404431011,11,81
70804,7080404431012,12,496
70804,7080404431013,13,247
70804,7080404431014,14,706
70804,7080404431015,15,772
70804,7080404431016,16,497
70804,7080404431017,17,358
70804,7080404431018,18,393
70804,7080404431019,19,245
70804,7080404450001,1,811
70804,7080404450002,2,987
70804,7080404450003,3,869
70804,7080404450004,4,281
70804,7080404450005,5,394
70804,7080404455001,1,160
70804,7080404455002,2,688
70804,7080404457001,1,575
70804,7080404457002,2,680
70804,7080404457003,3,124
70804,7080404457004,4,344
70804,7080404457005,5,905
70804,7080404457006,6,578
70804,7080404457007,7,869
70804,7080404457008,8,407
70804,7080404457009,9,131
70804,7080404457010,10,344
70804,7080404457011,11,65
70804,7080404457012,12,329
70804,7080404457013,13,195
70804,7080404457014,14,89
70804,7080404457015,15,4
70804,7080404457016,16,629
70804,7080404457017,17,51
70804,7080404457018,18,634
70804,7080404457019,19,255
70804,7080404457020,20,588
70805,7080504477001,1,508
70805,7080504477002,2,583
70901,7090104479001,1,46
70901,7090104479002,2,890
70901,7090104479003,3,622
70901,7090104479004,4,657
70901,7090104479005,5,670
70901,7090104479006,6,972
70901,7090104479007,7,498
70901,7090104479008,8,550
70901,7090104479009,9,439
70901,7090104479010,10,80
70902,7090204489001,1,430
70902,7090204489002,2,612
70902,7090204489003,3,85
70902,7090204489004,4,471
70902,7090204489005,5,157
70902,7090204489006,6,821
70902,7090204489007,7,852
70902,7090204496001,1,506
70902,7090204496002,2,132
70902,7090204496003,3,18
70902,7090204496004,4,725
70902,7090204496005,5,825
70902,7090204501001,1,792
70902,7090204501002,2,616
70903,7090304503001,1,851
70903,7090304503002,2,575
70903,7090304503003,3,443
70903,7090304503004,4,51
70903,7090304503005,5,831
70903,7090304503006,6,487
70903,7090304503007,7,878
70903,7090304503008,8,401
70903,7090304503009,9,233
70904,7090404512001,1,29
70904,7090404512002,2,347
70904,7090404512003,3,792
70904,7090404512004,4,119
70904,7090404512005,5,378
70904,7090404512006,6,657
70904,7090404512007,7,153
70904,7090404512008,8,226
70904,7090404512009,9,368
70904,7090404512010,10,713
70904,7090404512011,11,366
71001,7100104523001,1,334
71001,7100104523002,2,304
71001,7100104523003,3,400
71001,7100104523004,4,144
71001,7100104523005,5,973
71001,7100104523006,6,280
71001,7100104523007,7,952
71001,7100104523008,8,553
71001,7100104523009,9,172
71001,7100104523010,10,879
71001,7100104523011,11,332
71001,7100104523012,12,722
71001,7100104523013,13,89
71001,7100104523014,14,264
71001,7100104523015,15,162
71001,7100104523016,16,899
71001,7100104523017,17,250
71001,7100104523018,18,884
71002,7100204541001,1,740
71002,7100204541002,2,3
71002,7100204541003,3,530
71002,7100204541004,4,306
71002,7100204541005,5,768
71002,7100204541006,6,592
71002,7100204541007,7,215
71002,7100204541008,8,842
71002,7100204541009,9,998
71003,7100304550001,1,303
71003,7100304550002,2,791
71003,7100304550003,3,847
71003,7100304550004,4,600
71003,7100304550005,5,191
71003,7100304550006,6,519
71003,7100304550007,7,166
71003,7100304550008,8,975
71003,7100304550009,9,424
71003,7100304550010,10,392
71003,7100304550011,11,377
71003,7100304561001,1,921
71003,7100304561002,2,441
71003,7100304561003,3,947
71003,7100304561004,4,95
71003,7100304561005,5,1
71003,7100304561006,6,63
71003,7100304561007,7,75
71003,7100304561008,8,371
71003,7100304561009,9,401
71003,7100304561010,10,200
71004,7100404571001,1,95
71004,7100404571002,2,619
71004,7100404571003,3,89
71004,7100404571004,4,569
71004,7100404571005,5,771
71004,7100404571006,6,530
71004,7100404571007,7,644
71004,7100404571008,8,874
71004,7100404571009,9,489
71004,7100404571010,10,312
71004,7100404571011,11,305
71004,7100404571012,12,307
71004,7100404571013,13,126
71004,7100404571014,14,329
71004,7100404571015,15,277
71004,7100404571016,16,801
71004,7100404571017,17,622
71004,7100404571018,18,727
71004,7100404571019,19,199
71005,7100504590001,1,107
71005,7100504590002,2,263
71005,7100504590003,3,587
71005,7100504590004,4,74
71005,7100504590005,5,807
71005,7100504590006,6,432
71005,7100504590007,7,422
71005,7100504590008,8,106
71005,7100504590009,9,177
71005,7100504590010,10,555
71005,7100504590011,11,872
71005,7100504590012,12,472
71005,7100504590013,13,814
71005,7100504590014,14,814
71005,7100504590015,15,745
71005,7100504605001,1,83
71005,7100504605002,2,493
71101,7110104607001,1,895
71101,7110104607002,2,22
71101,7110104607003,3,655
71101,7110104607004,4,72
71101,7110104607005,5,173
71101,7110104607006,6,31
71101,7110104607007,7,809
71101,7110104607008,8,564
71101,7110104607009,9,598
71101,7110104607010,10,542
71101,7110104607011,11,532
71101,7110104607012,12,798
71101,7110104607013,13,788
71101,7110104607014,14,251
71101,7110104607015,15,457
71101,7110104607016,16,131
71101,7110104607017,17,626
71101,7110104607018,18,846
71101,7110104607019,19,555
71101,7110104607020,20,482
71101,7110104627001,1,87
71101,7110104627002,2,89
71101,7110104627003,3,687
71101,7110104627004,4,602
71101,7110104627005,5,288
71101,7110104627006,6,457
71101,7110104627007,7,150
71101,7110104627008,8,148
71101,7110104627009,9,548
71101,7110104627010,10,344
71101,7110104627011,11,857
71101,7110104627012,12,930
71101,7110104627013,13,503
71101,7110104627014,14,221
71102,7110204641001,1,75
71102,7110204641002,2,650
71102,7110204641003,3,840
71102,7110204641004,4,389
71102,7110204641005,5,779
71102,7110204641006,6,37
71102,7110204641007,7,729
71102,7110204641008,8,235
71102,7110204641009,9,52
71102,7110204641010,10,744
71102,7110204641011,11,899
71102,7110204641012,12,689
71102,7110204641013,13,967
71103,7110304654001,1,973
71103,7110304654002,2,355
71103,7110304654003,3,326
71103,7110304654004,4,394
71103,7110304654005,5,959
71103,7110304654006,6,518
71103,7110304654007,7,952
71103,7110304654008,8,892
71103,7110304654009,9,587
71103,7110304654010,10,95
71103,7110304654011,11,800
71103,7110304654012,12,334
71103,7110304654013,13,797
71103,7110304654014,14,347
71104,7110404668001,1,387
71104,7110404668002,2,202
71105,7110504670001,1,270
71105,7110504670002,2,430
71105,7110504670003,3,607
71105,7110504670004,4,911
71105,7110504670005,5,624
71105,7110504670006,6,844
71105,7110504670007,7,762
71105,7110504670008,8,75
71105,7110504670009,9,132
71105,7110504670010,10,184
71105,7110504670011,11,577
71105,7110504670012,12,677
71105,7110504670013,13,32
71105,7110504670014,14,317
71105,7110504670015,15,655
71105,7110504670016,16,988
71105,7110504670017,17,664
71105,7110504670018,18,161
71106,7110604688001,1,278
71106,7110604688002,2,881
71106,7110604688003,3,765
71106,7110604688004,4,993
71106,7110604688005,5,827
71106,7110604688006,6,376
71106,7110604688007,7,787
71106,7110604688008,8,830
71106,7110604688009,9,27
71106,7110604688010,10,547
71106,7110604688011,11,316
71106,7110604688012,12,580
71106,7110604688013,13,199
71106,7110604688014,14,450
71106,7110604702001,1,231
71106,7110604702002,2,216
71106,7110604702003,3,920
71106,7110604702004,4,968
71106,7110604702005,5,593
71106,7110604702006,6,587
71106,7110604702007,7,847
71106,7110604702008,8,730
71106,7110604702009,9,403
71106,7110604702010,10,260
71106,7110604702011,11,438
71106,7110604702012,12,412
71106,7110604702013,13,603
71106,7110604702014,14,245
71106,7110604702015,15,430
71301,7130104717001,1,380
71301,7130104717002,2,732
71301,7130104717003,3,659
71301,7130104717004,4,537
71301,7130104717005,5,244
71301,7130104717006,6,614
71301,7130104717007,7,177
71301,7130104717008,8,247
71301,7130104717009,9,849
71302,7130204726001,1,251
71302,7130204726002,2,286
71302,7130204726003,3,970
71302,7130204726004,4,940
71302,7130204726005,5,22
71302,7130204726006,6,143
71302,7130204726007,7,961
71302,7130204726008,8,78
71302,7130204726009,9,139
71302,7130204726010,10,348
71302,7130204726011,11,758
71302,7130204726012,12,991
71302,7130204726013,13,836
71302,7130204726014,14,86
71302,7130204726015,15,348
71302,7130204726016,16,921
71302,7130204726017,17,784
71302,7130204726018,18,161
71302,7130204726019,19,11
71302,7130204745001,1,186
71302,7130204745002,2,226
71302,7130204745003,3,913
71302,7130204745004,4,600
71302,7130204745005,5,961
71302,7130204745006,6,925
71302,7130204745007,7,83
71302,7130204745008,8,888
71302,7130204745009,9,54
71302,7130204745010,10,676
71302,7130204755001,1,126
71302,7130204755002,2,635
71302,7130204755003,3,573
71302,7130204755004,4,305
71302,7130204755005,5,996
71302,7130204755006,6,326
71302,7130204755007,7,405
71302,7130204755008,8,573
71302,7130204755009,9,15
71302,7130204755010,10,112
71302,7130204755011,11,833
71302,7130204755012,12,364
71302,7130204755013,13,628
71302,7130204755014,14,56
71302,7130204755015,15,54
71302,7130204755016,16,217
71401,7140104771001,1,658
71401,7140104771002,2,955
71401,7140104771003,3,119
71401,7140104771004,4,174
71401,7140104771005,5,235
71401,7140104771006,6,814
71401,7140104771007,7,786
71401,7140104771008,8,52
71401,7140104771009,9,54
71401,7140104780001,1,678
71401,7140104780002,2,398
71401,7140104780003,3,637
71401,7140104780004,4,571
71401,7140104780005,5,957
71401,7140104780006,6,245
71401,7140104780007,7,120
71402,7140204787001,1,166
71402,7140204787002,2,594
71402,7140204787003,3,872
71402,7140204787004,4,134
71402,7140204787005,5,602
71402,7140204787006,6,683
71402,7140204787007,7,298
71402,7140204787008,8,609
71402,7140204787009,9,867
71402,7140204787010,10,409
71402,7140204787011,11,248
71402,7140204787012,12,307
71402,7140204787013,13,342
71403,7140304800001,1,492
71501,7150104801001,1,397
71501,7150104801002,2,575
71501,7150104801003,3,540
71501,7150104801004,4,956
71501,7150104801005,5,486
71501,7150104801006,6,856
71501,7150104801007,7,195
71501,7150104801008,8,389
71501,7150104801009,9,176
71501,7150104801010,10,366
71501,7150104801011,11,461
71501,7150104801012,12,740
71501,7150104801013,13,322
71501,7150104801014,14,746
71501,7150104801015,15,476
71501,7150104801016,16,728
71501,7150104817001,1,839
71501,7150104817002,2,280
71501,7150104817003,3,791
71501,7150104817004,4,856
71501,7150104817005,5,635
71501,7150104817006,6,997
71501,7150104817007,7,4
71501,7150104817008,8,306
71501,7150104817009,9,988
71501,7150104817010,10,933
71501,7150104817011,11,941
71502,7150204828001,1,505
71502,7150204828002,2,85
71502,7150204828003,3,43
71502,7150204828004,4,243
71502,7150204828005,5,872
71502,7150204828006,6,849
71502,7150204828007,7,185
71502,7150204828008,8,705
71502,7150204828009,9,934
71502,7150204828010,10,420
71502,7150204828011,11,579
71502,7150204828012,12,250
71502,7150204828013,13,731
71502,7150204828014,14,950
71502,7150204828015,15,334
71502,7150204828016,16,628
71502,7150204828017,17,246
71502,7150204845001,1,912
71502,7150204845002,2,449
71502,7150204845003,3,783
71502,7150204845004,4,42
71502,7150204845005,5,497
71502,7150204845006,6,922
71502,7150204845007,7,116
71502,7150204845008,8,391
71502,7150204845009,9,558
71503,7150304854001,1,635
71503,7150304854002,2,972
71503,7150304854003,3,307
71503,7150304854004,4,762
71503,7150304854005,5,11
71503,7150304854006,6,575
71503,7150304854007,7,329
71503,7150304854008,8,367
71503,7150304854009,9,325
71503,7150304854010,10,20
71503,7150304854011,11,862
71503,7150304854012,12,547
71503,7150304854013,13,233
71503,7150304854014,14,644
71503,7150304854015,15,99
71503,7150304854016,16,923
71503,7150304854017,17,29
71503,7150304854018,18,956
71503,7150304872001,1,69
71503,7150304872002,2,785
71503,7150304872003,3,874
71503,7150304872004,4,241
71503,7150304872005,5,891
71503,7150304872006,6,34
71503,7150304872007,7,136
80101,8010104879001,1,159
80101,8010104879002,2,578
80101,8010104879003,3,267
80101,8010104879004,4,701
80101,8010104879005,5,549
80101,8010104879006,6,312
80101,8010104879007,7,937
80101,8010104879008,8,425
80101,8010104879009,9,365
80101,8010104879010,10,265
80101,8010104879011,11,569
80101,8010104890001,1,633
80101,8010104890002,2,785
80101,8010104890003,3,374
80101,8010104890004,4,90
80101,8010104890005,5,269
80101,8010104890006,6,902
80101,8010104890007,7,505
80101,8010104890008,8,922
80101,8010104890009,9,329
80101,8010104890010,10,12
80201,8020104900001,1,764
80201,8020104900002,2,683
80201,8020104900003,3,112
80201,8020104900004,4,821
80201,8020104900005,5,82
80201,8020104900006,6,304
80201,8020104900007,7,658
80201,8020104900008,8,580
80201,8020104900009,9,420
80201,8020104900010,10,35
80201,8020104900011,11,64
80201,8020104900012,12,411
80201,8020104900013,13,812
80201,8020104900014,14,501
80201,8020104900015,15,318
80201,8020104900016,16,644
80201,8020104900017,17,498
80201,8020104900018,18,735
80201,8020104918001,1,501
80201,8020104918002,2,778
80201,8020104918003,3,773
80201,8020104918004,4,9
80201,8020104918005,5,560
80201,8020104918006,6,102
80201,8020104918007,7,775
80201,8020104918008,8,252
80301,8030104926001,1,723
80301,8030104926002,2,479
80301,8030104926003,3,168
80301,8030104926004,4,127
80301,8030104926005,5,484
80301,8030104926006,6,972
80301,8030104926007,7,219
80301,8030104933001,1,19
80302,8030204934001,1,777
80302,8030204934002,2,386
80302,8030204934003,3,614
80302,8030204934004,4,342
80302,8030204934005,5,685
80302,8030204934006,6,348
80302,8030204934007,7,443
80302,8030204934008,8,61
80302,8030204934009,9,231
80302,8030204934010,10,363
80302,8030204934011,11,915
80302,8030204934012,12,353
80302,8030204934013,13,938
80302,8030204934014,14,389
80302,8030204934015,15,292
80302,8030204934016,16,969
80302,8030204934017,17,879
80302,8030204934018,18,492
80302,8030204952001,1,147
80302,8030204952002,2,441
80302,8030204952003,3,62
80302,8030204952004,4,909
80302,8030204952005,5,991
80302,8030204952006,6,368
80302,8030204952007,7,484
80302,8030204952008,8,617
80302,8030204952009,9,489
80302,8030204952010,10,533
80302,8030204952011,11,412
80302,8030204952012,12,717
80302,8030204964001,1,873
80302,8030204964002,2,867
80302,8030204964003,3,875
80302,8030204964004,4,11
80302,8030204964005,5,593
80302,8030204964006,6,18
80302,8030204964007,7,626
80302,8030204964008,8,988
80302,8030204964009,9,860
80302,8030204964010,10,126
80302,8030204964011,11,911
80302,8030204964012,12,94
80302,8030204964013,13,95
80302,8030204964014,14,656
80303,8030304978001,1,455
80303,8030304978002,2,842
80303,8030304980001,1,994
80303,8030304980002,2,932
80303,8030304980003,3,979
80303,8030304980004,4,419
80303,8030304980005,5,349
80303,8030304980006,6,253
80303,8030304980007,7,838
80303,8030304980008,8,97
80303,8030304980009,9,761
80303,8030304980010,10,540
80303,8030304980011,11,522
80303,8030304980012,12,296
80303,8030304980013,13,920
80303,8030304980014,14,556
80304,8030404994001,1,808
80304,8030404994002,2,586
80304,8030404994003,3,646
80304,8030404994004,4,18
80304,8030404994005,5,162
80304,8030404994006,6,7
80304,8030404994007,7,614
80304,8030404994008,8,386
80304,8030404994009,9,462
80304,8030404994010,10,959
80304,8030404994011,11,922
80304,8030404994012,12,823
80304,8030404994013,13,775
80304,8030404994014,14,859
80304,8030404994015,15,781
80304,8030404994016,16,776
80304,8030404994017,17,158
80304,8030404994018,18,384
80401,8040105012001,1,621
80401,8040105012002,2,943
80401,8040105012003,3,941
80401,8040105012004,4,540
80401,8040105012005,5,123
80401,8040105012006,6,767
80401,8040105012007,7,430
80401,8040105012008,8,653
80401,8040105012009,9,307
80401,8040105012010,10,428
80401,8040105022001,1,139
80401,8040105022002,2,652
80401,8040105022003,3,568
80401,8040105022004,4,219
80401,8040105022005,5,510
80401,8040105022006,6,36
80401,8040105022007,7,950
80401,8040105022008,8,917
80401,8040105022009,9,504
80401,8040105022010,10,838
80401,8040105022011,11,907
80401,8040105022012,12,711
80402,8040205034001,1,24
80402,8040205034002,2,425
80402,8040205034003,3,376
80402,8040205034004,4,925
80402,8040205034005,5,262
80402,8040205034006,6,519
80402,8040205034007,7,268
80402,8040205034008,8,672
80402,8040205034009,9,789
80402,8040205034010,10,119
80402,8040205034011,11,840
80402,8040205034012,12,526
80501,8050105046001,1,900
80501,8050105046002,2,847
80501,8050105046003,3,761
80501,8050105046004,4,964
80501,8050105046005,5,89
80501,8050105046006,6,718
80501,8050105046007,7,825
80501,8050105046008,8,50
80501,8050105054001,1,576
80501,8050105054002,2,308
80501,8050105054003,3,821
80501,8050105054004,4,945
80501,8050105054005,5,825
80501,8050105054006,6,194
80501,8050105054007,7,595
80501,8050105054008,8,184
80501,8050105054009,9,973
80501,8050105054010,10,609
80501,8050105054011,11,146
80501,8050105054012,12,11
80501,8050105054013,13,52
80601,8060105067001,1,624
80601,8060105067002,2,762
80601,8060105067003,3,597
80601,8060105067004,4,158
80601,8060105067005,5,335
80601,8060105067006,6,334
80601,8060105067007,7,654
80601,8060105067008,8,686
80601,8060105067009,9,51
80601,8060105067010,10,547
80601,8060105067011,11,584
80601,8060105067012,12,843
80601,8060105067013,13,682
80601,8060105067014,14,274
80601,8060105067015,15,655
80602,8060205082001,1,155
80602,8060205082002,2,351
80602,8060205082003,3,959
80701,8070105085001,1,635
80701,8070105085002,2,424
80701,8070105085003,3,428
80701,8070105085004,4,754
80701,8070105085005,5,110
80701,8070105085006,6,267
80701,8070105085007,7,715
80701,8070105085008,8,840
80701,8070105085009,9,464
80701,8070105085010,10,592
80701,8070105085011,11,959
80701,8070105085012,12,50
80702,8070205097001,1,21
80702,8070205097002,2,6
80702,8070205097003,3,628
80702,8070205097004,4,248
80702,8070205097005,5,914
80702,8070205097006,6,200
80702,8070205097007,7,323
80702,8070205097008,8,273
80702,8070205097009,9,589
80702,8070205097010,10,402
80702,8070205097011,11,491
80703,8070305108001,1,269
80703,8070305108002,2,435
80703,8070305108003,3,903
80703,8070305108004,4,427
80703,8070305108005,5,507
80703,8070305108006,6,709
80703,8070305108007,7,147
80703,8070305108008,8,138
80703,8070305108009,9,698
80703,8070305108010,10,788
80703,8070305108011,11,495
80703,8070305108012,12,669
80703,8070305108013,13,594
80703,8070305108014,14,756
80703,8070305108015,15,904
80703,8070305108016,16,705
80703,8070305108017,17,598
80703,8070305108018,18,722
80703,8070305126001,1,616
80703,8070305126002,2,810
80703,8070305126003,3,382
80703,8070305126004,4,361
80703,8070305126005,5,588
80703,8070305126006,6,412
80703,8070305132001,1,779
80703,8070305132002,2,225
80801,8080105134001,1,679
80801,8080105134002,2,417
80801,8080105134003,3,856
80801,8080105134004,4,274
80801,8080105134005,5,893
80801,8080105134006,6,175
80801,8080105134007,7,367
80801,8080105134008,8,20
80801,8080105134009,9,216
80801,8080105134010,10,86
80801,8080105134011,11,899
80801,8080105145001,1,52
80801,8080105145002,2,764
80801,8080105145003,3,308
80801,8080105145004,4,525
80801,8080105145005,5,663
80801,8080105145006,6,378
80801,8080105145007,7,99
80801,8080105145008,8,261
80801,8080105145009,9,118
80801,8080105145010,10,700
80803,8080305155001,1,981
80803,8080305155002,2,985
80803,8080305155003,3,475
80803,8080305155004,4,797
80803,8080305155005,5,931
80803,8080305155006,6,956
80803,8080305155007,7,890
80803,8080305155008,8,746
80803,8080305155009,9,858
80803,8080305155010,10,394
80803,8080305155011,11,316
80803,8080305155012,12,136
80803,8080305155013,13,571
80803,8080305155014,14,635
80803,8080305155015,15,210
80803,8080305155016,16,301
80803,8080305155017,17,409
80803,8080305155018,18,466
80803,8080305155019,19,222
80803,8080305155020,20,401
90101,9010105175001,1,724
90101,9010105175002,2,341
90101,9010105175003,3,704
90101,9010105175004,4,188
90101,9010105175005,5,211
90101,9010105175006,6,375
90101,9010105175007,7,525
90101,9010105175008,8,191
90101,9010105175009,9,363
90101,9010105175010,10,69
90101,9010105175011,11,357
90101,9010105175012,12,578
90101,9010105175013,13,770
90101,9010105175014,14,821
90101,9010105175015,15,652
90101,9010105190001,1,661
90101,9010105190002,2,566
90101,9010105190003,3,965
90102,9010205193001,1,915
90102,9010205193002,2,912
90102,9010205193003,3,268
90201,9020105196001,1,328
90201,9020105196002,2,562
90201,9020105196003,3,669
90201,9020105196004,4,648
90201,9020105196005,5,530
90201,9020105196006,6,762
90201,9020105196007,7,95
90201,9020105203001,1,186
90201,9020105203002,2,432
90201,9020105205001,1,62
90201,9020105205002,2,521
90201,9020105205003,3,201
90201,9020105205004,4,560
90201,9020105205005,5,749
90201,9020105205006,6,202
90201,9020105205007,7,963
90202,9020205212001,1,377
90202,9020205212002,2,71
90202,9020205212003,3,284
90202,9020205212004,4,131
90202,9020205212005,5,598
90202,9020205212006,6,425
90301,9030105218001,1,374
90301,9030105218002,2,99
90301,9030105218003,3,637
90301,9030105218004,4,822
90301,9030105218005,5,329
90301,9030105218006,6,493
90301,9030105218007,7,178
90301,9030105218008,8,24
90301,9030105218009,9,294
90301,9030105218010,10,850
90301,9030105218011,11,617
90301,9030105218012,12,544
90301,9030105218013,13,211
90301,9030105218014,14,177
90303,9030305232001,1,12
90303,9030305232002,2,812
90303,9030305232003,3,715
90303,9030305232004,4,621
90303,9030305232005,5,312
90303,9030305232006,6,271
90303,9030305232007,7,217
90303,9030305232008,8,875
90303,9030305232009,9,735
90303,9030305232010,10,83
90303,9030305232011,11,760
90303,9030305232012,12,621
90303,9030305232013,13,56
90303,9030305245001,1,940
90303,9030305245002,2,425
90303,9030305245003,3,473
90303,9030305245004,4,590
90303,9030305245005,5,102
90303,9030305245006,6,616
90303,9030305245007,7,576
90303,9030305245008,8,293
90303,9030305245009,9,530
90303,9030305245010,10,81
90303,9030305245011,11,511
90303,9030305245012,12,674
90303,9030305245013,13,714
90303,9030305245014,14,318
90303,9030305245015,15,930
90303,9030305245016,16,878
90303,9030305245017,17,965
90303,9030305245018,18,769
90303,9030305245019,19,294
90303,9030305245020,20,473
90303,9030305265001,1,729
90303,9030305265002,2,257
90303,9030305265003,3,980
90401,9040105268001,1,821
90401,9040105268002,2,728
90401,9040105268003,3,558
90401,9040105268004,4,574
90401,9040105268005,5,846
90401,9040105268006,6,369
90401,9040105268007,7,858
90401,9040105268008,8,980
90401,9040105268009,9,344
90401,9040105277001,1,347
90401,9040105277002,2,135
90401,9040105277003,3,116
90401,9040105277004,4,741
90401,9040105277005,5,288
90401,9040105277006,6,622
90401,9040105277007,7,843
90401,9040105277008,8,85
90401,9040105277009,9,541
90401,9040105277010,10,514
90401,9040105277011,11,609
90401,9040105277012,12,268
90401,9040105277013,13,515
90401,9040105277014,14,267
90401,9040105277015,15,543
90401,9040105277016,16,357
90402,9040205293001,1,501
90402,9040205293002,2,538
90402,9040205293003,3,665
90402,9040205293004,4,679
90402,9040205293005,5,365
90402,9040205293006,6,456
90402,9040205293007,7,828
90402,9040205293008,8,282
90402,9040205293009,9,789
90402,9040205293010,10,759
90402,9040205293011,11,830
90402,9040205293012,12,861
90402,9040205293013,13,574
90402,9040205293014,14,283
90402,9040205293015,15,60
90402,9040205293016,16,867
90402,9040205293017,17,655
90501,9050105310001,1,118
90501,9050105310002,2,497
90501,9050105310003,3,160
90501,9050105310004,4,737
90501,9050105310005,5,643
90501,9050105310006,6,650
90501,9050105310007,7,871
90501,9050105310008,8,737
90501,9050105310009,9,554
90501,9050105319001,1,232
90501,9050105319002,2,638
90501,9050105319003,3,392
90501,9050105319004,4,471
90501,9050105319005,5,636
90502,9050205324001,1,677
90502,9050205324002,2,200
90502,9050205324003,3,64
90502,9050205324004,4,794
90502,9050205324005,5,433
90502,9050205324006,6,499
90502,9050205324007,7,940
90502,9050205324008,8,439
90502,9050205324009,9,3
90502,9050205324010,10,56
90502,9050205324011,11,614
90503,9050305335001,1,917
90503,9050305335002,2,11
90503,9050305335003,3,42
90503,9050305335004,4,769
90503,9050305335005,5,973
90503,9050305335006,6,390
90503,9050305335007,7,82
90503,9050305335008,8,449
90503,9050305335009,9,387
90503,9050305335010,10,120
90503,9050305335011,11,637
90503,9050305335012,12,66
90503,9050305335013,13,645
90503,9050305335014,14,943
90503,9050305335015,15,791
90503,9050305335016,16,33
90503,9050305335017,17,73
0,9040105352,1,157
0,9040105352,2,889
0,9040105352,3,279
0,9040105352,4,78
0,9040205356,1,90
0,9040205356,2,838
0,9040205356,3,93
0,9040205359,1,420
0,9040205359,2,632
0,9040205359,3,161
0,9040205359,4,473
0,9040205359,5,480
0,9040205359,6,124
0,9040205359,7,344
0,9040205359,8,930
0,9040205359,9,313
0,9040205359,10,892
0,9040205359,11,687
0,9040205359,12,694
0,9040205359,13,821
0,9040205359,14,383
0,9050205373,1,742
0,9050205373,2,558
0,9050205373,3,355
0,9050205373,4,511
0,9050205373,5,464
0,9050305378,1,657
0,9050305378,2,498
0,9050305378,3,670
0,9050305378,4,35
0,9050305378,5,575
0,9050305378,6,905
0,9050305378,7,302
0,9050305378,8,598
0,9050305378,9,627
0,9050305378,10,115
0,9050305378,11,542
0,9050305378,12,368
0,9050305378,13,465
0,9050305378,14,886
0,9050305378,15,753
0,9050305378,16,335
0,9050305394,1,683
0,9050305394,2,666
0,9050305394,3,624
